"cue","ftype","qid","question","response","question_id","count","truth_mean","truth_std","truth_min","truth_max","imagery_mean","imagery_std","imagery_min","imagery_max","difficulty_mean","difficulty_std","difficulty_min","difficulty_max","facts_mean","facts_std","facts_min","facts_max"
"alligator","nonvisual",1,"Is it an animal?","yes","alligator:nonvisual:yes:1",5,2,0,2,2,1.2,0.836660026534076,0,2,-2,0,-2,-2,0.6,0.547722557505166,0,1
"alligator","nonvisual",2,"Is it a reptile?","yes","alligator:nonvisual:yes:2",7,2,0,2,2,1.57142857142857,1.39727626201154,0,4,-1.71428571428571,0.755928946018454,-2,0,2.42857142857143,1.13389341902768,1,4
"alligator","nonvisual",3,"Does it live in swamps?","yes","alligator:nonvisual:yes:3",3,1.33333333333333,0.577350269189626,1,2,1.33333333333333,0.577350269189626,1,2,-1.33333333333333,0.577350269189626,-2,-1,1.66666666666667,1.52752523165195,0,3
"alligator","nonvisual",4,"Does it live in water?","yes","alligator:nonvisual:yes:4",6,1.66666666666667,0.816496580927726,0,2,2.33333333333333,1.36626010212795,0,4,-1.16666666666667,1.16904519445001,-2,1,2.16666666666667,1.32916013582513,0,4
"alligator","nonvisual",5,"Does it eat people?","yes","alligator:nonvisual:yes:5",5,1.2,1.09544511501033,0,2,2.4,1.51657508881031,1,4,-1.2,1.09544511501033,-2,0,3,1.22474487139159,1,4
"alligator","visual",2,"Is it long?","yes","alligator:visual:yes:2",4,1.5,0.577350269189626,1,2,2.25,1.25830573921179,1,4,-1.75,0.5,-2,-1,1.5,1.73205080756888,0,4
"alligator","visual",3,"Does it have scales?","yes","alligator:visual:yes:3",5,0.8,1.78885438199983,-2,2,0.8,1.30384048104053,0,3,-1.6,0.894427190999916,-2,0,2.2,1.6431676725155,0,4
"alligator","visual",4,"Does it have a tail?","yes","alligator:visual:yes:4",6,1.33333333333333,1.63299316185545,-2,2,1.16666666666667,0.983192080250175,0,2,-1.83333333333333,0.408248290463863,-2,-1,0.5,0.836660026534076,0,2
"alligator","visual",5,"Does it have jaws?","yes","alligator:visual:yes:5",3,1.66666666666667,0.577350269189626,1,2,1.66666666666667,1.15470053837925,1,3,-1.33333333333333,1.15470053837925,-2,0,1.33333333333333,1.52752523165195,0,3
"alligator","nonvisual",1,"Is it a mammal?","no","alligator:nonvisual:no:1",6,-1.33333333333333,1.63299316185545,-2,2,2,1.78885438199983,0,4,-1.16666666666667,0.752772652709081,-2,0,1.66666666666667,1.03279555898864,0,3
"alligator","nonvisual",2,"Does it live in the desert?","no","alligator:nonvisual:no:2",4,-1.75,0.5,-2,-1,1.5,1.73205080756888,0,4,-1.25,0.957427107756338,-2,0,1.5,0.577350269189626,1,2
"alligator","nonvisual",3,"Is it used for freight?","no","alligator:nonvisual:no:3",5,-0.8,1.6431676725155,-2,1,1.2,1.30384048104053,0,3,-1.2,0.836660026534076,-2,0,2,1.22474487139159,0,3
"alligator","nonvisual",4,"Is it found in summer?","yes","alligator:nonvisual:yes:4",7,0.857142857142857,0.899735410842437,0,2,1.85714285714286,1.21498579258791,0,4,-0.285714285714286,1.38013111868471,-2,1,2.42857142857143,1.39727626201154,0,4
"alligator","nonvisual",5,"Is it a pet?","no","alligator:nonvisual:no:5",4,-1.5,0.577350269189626,-2,-1,1.5,1,0,2,-0.75,1.25830573921179,-2,1,1,1.15470053837925,0,2
"alligator","visual",1,"Does it have a long tongue?","yes","alligator:visual:yes:1",4,0.25,0.5,0,1,2.5,0.577350269189626,2,3,0.5,0.577350269189626,0,1,1.75,0.957427107756338,1,3
"alligator","visual",2,"Is it grey?","no","alligator:visual:no:2",5,-1.2,1.09544511501033,-2,0,1.8,1.48323969741913,0,4,-1.6,0.547722557505166,-2,-1,0.2,0.447213595499958,0,1
"alligator","visual",3,"Is it round?","no","alligator:visual:no:3",7,-2,0,-2,-2,1.85714285714286,1.86445447147161,0,4,-2,0,-2,-2,0.857142857142857,1.57359158493889,0,4
"alligator","visual",4,"Is it small?","no","alligator:visual:no:4",8,-0.75,1.16496474502144,-2,1,1.375,1.40788595317336,0,4,-1.375,0.744023809142845,-2,0,0.625,0.744023809142845,0,2
"alligator","visual",5,"Is it made of metal?","no","alligator:visual:no:5",8,-2,0,-2,-2,1,1.4142135623731,0,4,-1.875,0.353553390593274,-2,-1,0.25,0.707106781186548,0,2
"apple","nonvisual",1,"Is it a fruit?","yes","apple:nonvisual:yes:1",7,2,0,2,2,1.14285714285714,1.95180014589707,0,4,-1.85714285714286,0.377964473009227,-2,-1,1,1.52752523165195,0,4
"apple","nonvisual",2,"Does it grow on trees?","yes","apple:nonvisual:yes:2",6,2,0,2,2,2,1.4142135623731,0,4,-1.83333333333333,0.408248290463863,-2,-1,0.833333333333333,0.752772652709081,0,2
"apple","nonvisual",3,"Is it eaten in pies?","yes","apple:nonvisual:yes:3",6,2,0,2,2,2.33333333333333,1.50554530541816,0,4,-1.5,0.836660026534076,-2,0,1.83333333333333,1.60208197875972,0,4
"apple","nonvisual",4,"Is it nutritious?","yes","apple:nonvisual:yes:4",8,1.875,0.353553390593274,1,2,0.625,1.40788595317336,0,4,-1.75,0.462910049886276,-2,-1,2.25,1.28173988892331,0,4
"apple","nonvisual",5,"Is it used for cider?","yes","apple:nonvisual:yes:5",5,1.8,0.447213595499958,1,2,0.6,0.894427190999916,0,2,-1.8,0.447213595499958,-2,-1,0.6,0.547722557505166,0,1
"apple","visual",1,"Is it red?","yes","apple:visual:yes:1",8,0.25,0.707106781186548,-1,1,2.625,1.06066017177982,1,4,-1.375,0.916125381312904,-2,0,0.625,0.744023809142845,0,2
"apple","visual",3,"Does it have seeds?","yes","apple:visual:yes:3",6,1.5,0.836660026534076,0,2,1,1.09544511501033,0,3,-1.66666666666667,0.816496580927726,-2,0,1.5,1.22474487139159,0,3
"apple","visual",4,"Is it round?","yes","apple:visual:yes:4",6,0.833333333333333,1.16904519445001,-1,2,3,1.09544511501033,2,4,-1.5,0.547722557505166,-2,-1,1.5,1.97484176581315,0,4
"apple","visual",5,"Does it have a core?","yes","apple:visual:yes:5",4,2,0,2,2,0.75,0.5,0,1,-2,0,-2,-2,1.25,1.5,0,3
"apple","nonvisual",1,"Is it an animal?","no","apple:nonvisual:no:1",5,-1.8,0.447213595499958,-2,-1,1.6,2.19089023002066,0,4,-1.4,1.34164078649987,-2,1,1,1.73205080756888,0,4
"apple","nonvisual",2,"Does it live in Africa?","no","apple:nonvisual:no:2",5,-1,0.707106781186548,-2,0,0.2,0.447213595499958,0,1,-1,1.22474487139159,-2,1,1,1.4142135623731,0,3
"apple","nonvisual",3,"Is it fast?","no","apple:nonvisual:no:3",4,-2,0,-2,-2,0,0,0,0,-2,0,-2,-2,0,0,0,0
"apple","nonvisual",4,"Is it timid?","no","apple:nonvisual:no:4",7,-1.71428571428571,0.755928946018454,-2,0,2.57142857142857,1.51185789203691,0,4,-1.57142857142857,0.786795792469443,-2,0,2.14285714285714,1.67616341969505,0,4
"apple","nonvisual",5,"Is it used in experiments?","no","apple:nonvisual:no:5",5,-0.6,0.894427190999916,-2,0,0.4,0.894427190999916,0,2,-0.8,1.30384048104053,-2,1,0.2,0.447213595499958,0,1
"apple","visual",1,"Is it black?","no","apple:visual:no:1",4,-2,0,-2,-2,1.5,1.73205080756888,0,4,-2,0,-2,-2,0,0,0,0
"apple","visual",2,"Does it have pockets?","no","apple:visual:no:2",7,-2,0,-2,-2,1,1.52752523165195,0,4,-2,0,-2,-2,0.714285714285714,1.25356634105602,0,3
"apple","visual",3,"Does it have a beak?","no","apple:visual:no:3",7,-1.85714285714286,0.377964473009227,-2,-1,1.57142857142857,1.61834718742537,0,4,-1.57142857142857,0.786795792469443,-2,0,1,1,0,2
"apple","visual",4,"Does it have a hood?","no","apple:visual:no:4",5,-2,0,-2,-2,0.4,0.547722557505166,0,1,-1.8,0.447213595499958,-2,-1,0,0,0,0
"apple","visual",5,"Does it have eyes?","no","apple:visual:no:5",5,-2,0,-2,-2,0,0,0,0,-1.8,0.447213595499958,-2,-1,0.4,0.894427190999916,0,2
"banana","nonvisual",1,"Is it a fruit?","yes","banana:nonvisual:yes:1",7,1.85714285714286,0.377964473009227,1,2,0.857142857142857,1.4638501094228,0,4,-1.57142857142857,0.786795792469443,-2,0,0.714285714285714,1.11269728052837,0,3
"banana","nonvisual",2,"Does it taste good?","yes","banana:nonvisual:yes:2",7,1,1,0,2,0.571428571428571,0.786795792469443,0,2,-1.71428571428571,0.755928946018454,-2,0,1.42857142857143,1.51185789203691,0,3
"banana","nonvisual",3,"Does it grow in tropical climates?","yes","banana:nonvisual:yes:3",5,1.4,0.894427190999916,0,2,0.2,0.447213595499958,0,1,-1.6,0.547722557505166,-2,-1,1,1.4142135623731,0,3
"banana","nonvisual",4,"Is it healthy?","yes","banana:nonvisual:yes:4",6,1,1.54919333848297,-2,2,1,0.894427190999916,0,2,-1.66666666666667,0.516397779494322,-2,-1,1.33333333333333,1.50554530541816,0,3
"banana","visual",1,"Is it yellow?","yes","banana:visual:yes:1",4,1.5,0.577350269189626,1,2,2.75,1.25830573921179,1,4,-1.5,1,-2,0,2.25,1.5,1,4
"banana","visual",2,"Is it long?","yes","banana:visual:yes:2",8,0.5,0.534522483824849,0,1,2.25,1.03509833901353,1,4,-1.125,0.640869944461656,-2,0,0.375,0.744023809142845,0,2
"banana","visual",3,"Does it have a peel?","yes","banana:visual:yes:3",4,1.5,1,0,2,1.5,1.91485421551268,0,4,-1.25,1.5,-2,1,0.75,1.5,0,3
"banana","visual",4,"Does it have a skin?","yes","banana:visual:yes:4",3,1.33333333333333,0.577350269189626,1,2,1,1,0,2,-1,1,-2,0,0.666666666666667,0.577350269189626,0,1
"banana","nonvisual",1,"Is it fast?","no","banana:nonvisual:no:1",7,-1.42857142857143,0.786795792469443,-2,0,1.42857142857143,1.61834718742537,0,4,-1,1.29099444873581,-2,1,0.428571428571429,1.13389341902768,0,3
"banana","nonvisual",2,"Is it worn in cold temperatures?","no","banana:nonvisual:no:2",8,-1.5,1.4142135623731,-2,2,1.375,1.50594061730772,0,4,-1.875,0.353553390593274,-2,-1,0.875,0.991031208965115,0,2
"banana","nonvisual",3,"Does it have different speeds?","no","banana:nonvisual:no:3",5,-1.8,0.447213595499958,-2,-1,1.6,1.81659021245849,0,4,-1.4,1.34164078649987,-2,1,0.6,1.34164078649987,0,3
"banana","nonvisual",4,"Is it a container?","no","banana:nonvisual:no:4",5,-1.6,0.894427190999916,-2,0,1.4,1.14017542509914,0,3,-1.6,0.894427190999916,-2,0,0.2,0.447213595499958,0,1
"banana","visual",1,"Does it have feathers?","no","banana:visual:no:1",6,-2,0,-2,-2,1.33333333333333,1.50554530541816,0,4,-2,0,-2,-2,0.666666666666667,1.63299316185545,0,4
"banana","visual",2,"Does it have a tail?","no","banana:visual:no:2",4,-1.25,1.5,-2,1,1.5,1.73205080756888,0,3,-1.75,0.5,-2,-1,1.25,1.89296944860009,0,4
"banana","visual",3,"Does it have a beak?","no","banana:visual:no:3",5,-2,0,-2,-2,2,1.22474487139159,1,4,-2,0,-2,-2,1.4,1.34164078649987,0,3
"banana","visual",4,"Does it have hooves?","no","banana:visual:no:4",5,-2,0,-2,-2,1.2,0.447213595499958,1,2,-2,0,-2,-2,1.2,1.30384048104053,0,3
"bike","nonvisual",1,"Is is used for riding?","yes","bike:nonvisual:yes:1",4,2,0,2,2,1.5,1.91485421551268,0,4,-2,0,-2,-2,0,0,0,0
"bike","nonvisual",2,"Is it used for racing?","yes","bike:nonvisual:yes:2",6,1,1.26491106406735,-1,2,1.33333333333333,1.211060141639,0,3,-1.5,0.547722557505166,-2,-1,1,1.67332005306815,0,4
"bike","nonvisual",3,"Does it have different speeds?","yes","bike:nonvisual:yes:3",10,1.1,0.737864787372622,0,2,1.5,1.35400640077266,0,4,-1.5,0.52704627669473,-2,-1,0.6,1.26491106406735,0,4
"bike","nonvisual",4,"Is it fast?","yes","bike:nonvisual:yes:4",4,0.25,0.5,0,1,1.25,0.957427107756338,0,2,-1.25,0.957427107756338,-2,0,1,1.4142135623731,0,3
"bike","visual",1,"Does it have handle bars?","yes","bike:visual:yes:1",6,1.66666666666667,0.516397779494322,1,2,1.83333333333333,1.47196014438797,0,4,-1.83333333333333,0.408248290463863,-2,-1,0.5,0.836660026534076,0,2
"bike","visual",2,"Does it have a seat?","yes","bike:visual:yes:2",6,1.83333333333333,0.408248290463863,1,2,1.5,1.97484176581315,0,4,-1.83333333333333,0.408248290463863,-2,-1,0.333333333333333,0.816496580927726,0,2
"bike","visual",3,"Does it have gears?","yes","bike:visual:yes:3",4,0.75,0.957427107756338,0,2,1.75,1.70782512765993,0,4,-1.5,0.577350269189626,-2,-1,2,1.4142135623731,1,4
"bike","visual",4,"Is it made of metal?","yes","bike:visual:yes:4",4,1,1.4142135623731,-1,2,1.25,1.25830573921179,0,3,-1.5,0.577350269189626,-2,-1,0.25,0.5,0,1
"bike","nonvisual",1,"Does it live in Africa?","no","bike:nonvisual:no:1",4,-1.25,0.957427107756338,-2,0,0.5,1,0,2,-1.25,0.957427107756338,-2,0,0,0,0,0
"bike","nonvisual",2,"Is it nocturnal?","no","bike:nonvisual:no:2",5,-1.6,0.894427190999916,-2,0,0.8,1.30384048104053,0,3,-1.6,0.894427190999916,-2,0,0.2,0.447213595499958,0,1
"bike","nonvisual",3,"Is it a mammal?","no","bike:nonvisual:no:3",5,-1.2,1.78885438199983,-2,2,0.8,1.78885438199983,0,4,-1.2,1.78885438199983,-2,2,0.8,1.78885438199983,0,4
"bike","nonvisual",4,"Is it found at tables?","no","bike:nonvisual:no:4",4,-2,0,-2,-2,1.25,0.957427107756338,0,2,-1.25,0.5,-2,-1,0.75,0.957427107756338,0,2
"bike","visual",1,"Does it have legs?","no","bike:visual:no:1",7,-2,0,-2,-2,1,1.4142135623731,0,4,-1.85714285714286,0.377964473009227,-2,-1,0.285714285714286,0.755928946018455,0,2
"bike","visual",2,"Is it made of plastic?","no","bike:visual:no:2",8,-1.125,0.991031208965115,-2,0,1.625,1.18773493916542,0,3,-0.75,0.886405260427918,-2,1,1.5,1.19522860933439,0,3
"bike","visual",3,"Does it have feet?","no","bike:visual:no:3",7,-2,0,-2,-2,1.14285714285714,1.4638501094228,0,4,-2,0,-2,-2,0.142857142857143,0.377964473009227,0,1
"bike","visual",4,"Does it have sleeves?","no","bike:visual:no:4",6,-2,0,-2,-2,1,1.26491106406735,0,3,-1.83333333333333,0.408248290463863,-2,-1,0.333333333333333,0.816496580927726,0,2
"bottle","nonvisual",1,"Is it used for holding things?","yes","bottle:nonvisual:yes:1",9,1.44444444444444,1.0137937550497,-1,2,2.66666666666667,1.5,0,4,-1.22222222222222,1.30170827931778,-2,2,1.22222222222222,1.39443337755679,0,4
"bottle","nonvisual",2,"Is it used for holding liquids?","yes","bottle:nonvisual:yes:2",5,1.4,0.894427190999916,0,2,1.4,0.894427190999916,1,3,-1.6,0.547722557505166,-2,-1,0.8,0.836660026534076,0,2
"bottle","nonvisual",3,"Is it a container?","yes","bottle:nonvisual:yes:3",6,0.833333333333333,1.32916013582513,-1,2,2,1.4142135623731,0,4,-0.833333333333333,1.32916013582513,-2,1,1.66666666666667,0.816496580927726,1,3
"bottle","nonvisual",4,"Is it breakable?","yes","bottle:nonvisual:yes:4",4,0.75,0.5,0,1,2,1.4142135623731,0,3,-1,0.816496580927726,-2,0,1,0.816496580927726,0,2
"bottle","nonvisual",5,"Is it used for holding beer?","yes","bottle:nonvisual:yes:5",4,1.25,0.957427107756338,0,2,2,1.4142135623731,0,3,-1.25,0.957427107756338,-2,0,1,1.4142135623731,0,3
"bottle","visual",1,"Is it made of glass?","yes","bottle:visual:yes:1",4,1,0.816496580927726,0,2,2,0.816496580927726,1,3,-1.5,0.577350269189626,-2,-1,1.25,0.957427107756338,0,2
"bottle","visual",2,"Is it made of plastic?","yes","bottle:visual:yes:2",5,0.6,0.547722557505166,0,1,2.4,1.34164078649987,1,4,-1.2,0.836660026534076,-2,0,0.8,0.836660026534076,0,2
"bottle","visual",4,"Does it have a neck?","yes","bottle:visual:yes:4",5,1.4,0.894427190999916,0,2,2.2,1.09544511501033,1,3,-1.4,0.547722557505166,-2,-1,1.4,0.894427190999916,1,3
"bottle","visual",5,"Does it have a cork?","no","bottle:visual:no:5",7,-0.428571428571429,0.786795792469443,-2,0,1.28571428571429,1.38013111868471,0,4,-1.71428571428571,0.755928946018454,-2,0,0.285714285714286,0.487950036474267,0,1
"bottle","nonvisual",1,"Is it an animal?","no","bottle:nonvisual:no:1",7,-1.57142857142857,1.13389341902768,-2,1,0.571428571428571,0.786795792469443,0,2,-1.57142857142857,0.786795792469443,-2,0,0.714285714285714,1.25356634105602,0,3
"bottle","nonvisual",2,"Is it juicy?","no","bottle:nonvisual:no:2",4,-2,0,-2,-2,1.25,1.25830573921179,0,3,-1.75,0.5,-2,-1,0.25,0.5,0,1
"bottle","nonvisual",3,"Is it a carnivore?","no","bottle:nonvisual:no:3",5,-2,0,-2,-2,1,1.73205080756888,0,4,-2,0,-2,-2,0.8,1.78885438199983,0,4
"bottle","nonvisual",4,"Does it fly?","no","bottle:nonvisual:no:4",5,-2,0,-2,-2,0.4,0.547722557505166,0,1,-2,0,-2,-2,0.8,1.30384048104053,0,3
"bottle","nonvisual",5,"Is it an amphibian?","no","bottle:nonvisual:no:5",5,-2,0,-2,-2,0.4,0.894427190999916,0,2,-1.8,0.447213595499958,-2,-1,1.2,1.78885438199983,0,4
"bottle","visual",1,"Does it have feet?","no","bottle:visual:no:1",5,-0.6,0.894427190999916,-2,0,0.4,0.547722557505166,0,1,-1.2,0.836660026534076,-2,0,0.4,0.894427190999916,0,2
"bottle","visual",2,"Does it have seeds?","no","bottle:visual:no:2",7,-2,0,-2,-2,1.42857142857143,1.13389341902768,0,3,-2,0,-2,-2,0.857142857142857,1.57359158493889,0,4
"bottle","visual",3,"Does it have armrests?","no","bottle:visual:no:3",5,-1.6,0.894427190999916,-2,0,2,1.87082869338697,0,4,-0.8,1.6431676725155,-2,1,1.8,1.78885438199983,0,4
"bottle","visual",4,"Does it have eyes?","no","bottle:visual:no:4",6,-1.66666666666667,0.816496580927726,-2,0,1.5,1.22474487139159,0,3,-1,0.894427190999916,-2,0,1.16666666666667,1.16904519445001,0,3
"bottle","visual",5,"Does it have teeth?","no","bottle:visual:no:5",3,-2,0,-2,-2,1,1,0,2,-2,0,-2,-2,1.66666666666667,2.08166599946613,0,4
"camel","nonvisual",1,"Does it live in the desert?","yes","camel:nonvisual:yes:1",8,1.625,0.517549169506766,1,2,1.375,1.06066017177982,0,3,-1.625,0.744023809142845,-2,0,1.375,1.06066017177982,0,3
"camel","nonvisual",2,"Does it drink water?","yes","camel:nonvisual:yes:2",6,2,0,2,2,0.5,0.836660026534076,0,2,-1.83333333333333,0.408248290463863,-2,-1,0.666666666666667,1.211060141639,0,3
"camel","nonvisual",3,"Is it used by riding?","yes","camel:nonvisual:yes:3",7,1.71428571428571,0.755928946018454,0,2,0.857142857142857,0.899735410842437,0,2,-1.57142857142857,0.534522483824849,-2,-1,0.857142857142857,0.899735410842437,0,2
"camel","nonvisual",4,"Is it a mammal?","yes","camel:nonvisual:yes:4",6,1.66666666666667,0.516397779494322,1,2,0.5,0.547722557505166,0,1,-1.5,0.547722557505166,-2,-1,2,1.09544511501033,1,4
"camel","nonvisual",5,"Does it spit?","yes","camel:nonvisual:yes:5",6,1.5,0.836660026534076,0,2,1.83333333333333,1.47196014438797,0,4,-1.5,0.836660026534076,-2,0,2.5,1.6431676725155,0,4
"camel","visual",1,"Does it have a hump?","yes","camel:visual:yes:1",5,2,0,2,2,1.6,1.34164078649987,0,3,-2,0,-2,-2,1,1.22474487139159,0,3
"camel","visual",2,"Is it brown?","yes","camel:visual:yes:2",4,0.5,1,0,2,1.5,1.73205080756888,0,4,-1.25,0.957427107756338,-2,0,1.5,0.577350269189626,1,2
"camel","visual",3,"Does it have legs?","yes","camel:visual:yes:3",6,2,0,2,2,0.666666666666667,1.211060141639,0,3,-1.83333333333333,0.408248290463863,-2,-1,1.83333333333333,1.72240142436851,0,4
"camel","visual",4,"Is it large?","yes","camel:visual:yes:4",4,1,0.816496580927726,0,2,1.75,0.957427107756338,1,3,-1.75,0.5,-2,-1,0.5,0.577350269189626,0,1
"camel","visual",5,"Is it beige?","yes","camel:visual:yes:5",5,1,0.707106781186548,0,2,1.8,0.836660026534076,1,3,-0.8,1.09544511501033,-2,1,0.6,0.547722557505166,0,1
"camel","nonvisual",1,"Is it a bird?","no","camel:nonvisual:no:1",2,-2,0,-2,-2,1,1.4142135623731,0,2,-1.5,0.707106781186548,-2,-1,1,1.4142135623731,0,2
"camel","nonvisual",2,"Is it graceful?","no","camel:nonvisual:no:2",5,-0.4,0.894427190999916,-1,1,2,1.22474487139159,1,4,-1,1,-2,0,1,1.4142135623731,0,3
"camel","nonvisual",3,"Does it eat?","yes","camel:nonvisual:yes:3",8,1.375,0.916125381312904,0,2,1.625,1.50594061730772,0,4,-1.625,0.744023809142845,-2,0,1.25,1.58113883008419,0,4
"camel","nonvisual",4,"Does it live on a farm?","no","camel:nonvisual:no:4",4,-0.5,0.577350269189626,-1,0,1.5,1.29099444873581,0,3,-1.5,0.577350269189626,-2,-1,1.75,1.70782512765993,0,4
"camel","nonvisual",5,"Does it live in a coop?","no","camel:nonvisual:no:5",5,-1.6,0.894427190999916,-2,0,1.6,1.34164078649987,0,3,-1,1.4142135623731,-2,1,1.6,1.51657508881031,0,3
"camel","visual",1,"Does it have stripes?","no","camel:visual:no:1",3,-1.33333333333333,1.15470053837925,-2,0,1,1,0,2,-1.66666666666667,0.577350269189626,-2,-1,0.666666666666667,0.577350269189626,0,1
"camel","visual",2,"Does it have seeds?","no","camel:visual:no:2",6,-2,0,-2,-2,1.16666666666667,0.752772652709081,0,2,-1.33333333333333,0.816496580927726,-2,0,1.83333333333333,1.47196014438797,0,4
"camel","visual",3,"Does it have whiskers?","no","camel:visual:no:3",8,-0.875,1.1259916264596,-2,1,1.75,1.03509833901353,0,3,-0.5,1.4142135623731,-2,1,0.875,1.1259916264596,0,3
"camel","visual",4,"Does it have a cork?","no","camel:visual:no:4",4,-2,0,-2,-2,1.75,1.70782512765993,0,4,-1.25,1.5,-2,1,0.75,0.957427107756338,0,2
"camel","visual",5,"Does it have green leaves?","no","camel:visual:no:5",8,-2,0,-2,-2,1,1.4142135623731,0,4,-1.5,0.925820099772551,-2,0,1.25,1.28173988892331,0,3
"carrot","nonvisual",1,"Is it a vegetable?","yes","carrot:nonvisual:yes:1",5,1.8,0.447213595499958,1,2,0.8,0.836660026534076,0,2,-1.8,0.447213595499958,-2,-1,1.4,1.14017542509914,0,3
"carrot","nonvisual",2,"Is it eaten by rabbits?","yes","carrot:nonvisual:yes:2",5,1.4,0.894427190999916,0,2,1.4,1.14017542509914,0,3,-1.2,0.836660026534076,-2,0,1.4,1.14017542509914,0,3
"carrot","nonvisual",3,"Does it grow underground?","yes","carrot:nonvisual:yes:3",4,1.25,1.5,-1,2,0.75,0.957427107756338,0,2,-1.5,0.577350269189626,-2,-1,0.75,0.5,0,1
"carrot","nonvisual",4,"Is it a root?","yes","carrot:nonvisual:yes:4",9,1.33333333333333,1.11803398874989,-1,2,1.66666666666667,0.707106781186548,1,3,-0.777777777777778,0.97182531580755,-2,1,1.88888888888889,1.16666666666667,0,3
"carrot","visual",1,"Is it orange?","yes","carrot:visual:yes:1",3,1.66666666666667,0.577350269189626,1,2,2,1,1,3,-1.66666666666667,0.577350269189626,-2,-1,1,1,0,2
"carrot","visual",2,"Does it have a top?","yes","carrot:visual:yes:2",6,1.33333333333333,0.816496580927726,0,2,1.33333333333333,1.03279555898864,0,3,-1.5,0.836660026534076,-2,0,0.666666666666667,0.816496580927726,0,2
"carrot","visual",3,"Is it long?","yes","carrot:visual:yes:3",8,0.5,1.30930734141595,-2,2,2.25,0.886405260427918,1,4,-1.375,0.744023809142845,-2,0,0.625,1.18773493916542,0,3
"carrot","visual",4,"Does it have a pointed end?","yes","carrot:visual:yes:4",7,1.85714285714286,0.377964473009227,1,2,3,1,2,4,-1.85714285714286,0.377964473009227,-2,-1,1.57142857142857,1.2724180205607,0,4
"carrot","nonvisual",1,"Is it used for holding things?","no","carrot:nonvisual:no:1",6,-2,0,-2,-2,1,1.09544511501033,0,3,-1.83333333333333,0.408248290463863,-2,-1,0.666666666666667,0.816496580927726,0,2
"carrot","nonvisual",2,"Does it live in swamps?","no","carrot:nonvisual:no:2",5,-1.6,0.894427190999916,-2,0,1,0.707106781186548,0,2,-1.6,0.894427190999916,-2,0,1.2,1.78885438199983,0,4
"carrot","nonvisual",3,"Does it live in Africa?","no","carrot:nonvisual:no:3",5,-0.4,1.14017542509914,-2,1,0.6,0.894427190999916,0,2,-1,1,-2,0,0.6,0.894427190999916,0,2
"carrot","nonvisual",4,"Is it an animal?","no","carrot:nonvisual:no:4",6,-1.5,1.22474487139159,-2,1,0.166666666666667,0.408248290463863,0,1,-1.5,0.836660026534076,-2,0,1.16666666666667,1.60208197875972,0,4
"carrot","visual",1,"Is it brown?","no","carrot:visual:no:1",4,-1.25,0.5,-2,-1,1.75,0.5,1,2,-1.5,0.577350269189626,-2,-1,1,1.4142135623731,0,3
"carrot","visual",2,"Does it have four legs?","no","carrot:visual:no:2",6,-2,0,-2,-2,0.5,0.547722557505166,0,1,-2,0,-2,-2,0,0,0,0
"carrot","visual",3,"Does it have many cars?","no","carrot:visual:no:3",4,-2,0,-2,-2,1,2,0,4,-2,0,-2,-2,0,0,0,0
"carrot","visual",4,"Does it have wings?","no","carrot:visual:no:4",6,-2,0,-2,-2,1,1.67332005306815,0,4,-1.83333333333333,0.408248290463863,-2,-1,0,0,0,0
"chair","nonvisual",1,"Is it used for sitting on?","yes","chair:nonvisual:yes:1",4,1.75,0.5,1,2,0.75,0.5,0,1,-1.5,0.577350269189626,-2,-1,1,1.15470053837925,0,2
"chair","nonvisual",2,"Is it furniture?","yes","chair:nonvisual:yes:2",5,2,0,2,2,0.6,1.34164078649987,0,3,-1.8,0.447213595499958,-2,-1,0.4,0.547722557505166,0,1
"chair","nonvisual",3,"Is it comfortable?","yes","chair:nonvisual:yes:3",4,0.25,0.5,0,1,1.25,1.5,0,3,-1.75,0.5,-2,-1,0,0,0,0
"chair","nonvisual",4,"Is it used for relaxing?","yes","chair:nonvisual:yes:4",5,2,0,2,2,0.6,0.894427190999916,0,2,-2,0,-2,-2,0,0,0,0
"chair","nonvisual",5,"Is it found at tables?","yes","chair:nonvisual:yes:5",6,1.33333333333333,0.816496580927726,0,2,2.16666666666667,1.47196014438797,0,4,-1.66666666666667,0.516397779494322,-2,-1,0.333333333333333,0.516397779494322,0,1
"chair","visual",1,"Does it have legs?","yes","chair:visual:yes:1",10,1.6,0.699205898780101,0,2,1.7,1.33749350984926,0,4,-1.5,1.08012344973464,-2,1,0.8,1.03279555898864,0,3
"chair","visual",2,"Is it made of wood?","yes","chair:visual:yes:2",6,0.5,0.547722557505166,0,1,2.16666666666667,1.47196014438797,1,4,-1.33333333333333,0.816496580927726,-2,0,0.5,0.836660026534076,0,2
"chair","visual",3,"Does it have armrests?","yes","chair:visual:yes:3",4,0.75,0.957427107756338,0,2,1.5,1,1,3,-1.75,0.5,-2,-1,0.5,1,0,2
"chair","visual",4,"Does it have a seat?","yes","chair:visual:yes:4",9,2,0,2,2,1.55555555555556,1.33333333333333,0,4,-1.88888888888889,0.333333333333333,-2,-1,0.666666666666667,1.11803398874989,0,3
"chair","nonvisual",1,"Is it a fruit?","no","chair:nonvisual:no:1",7,-1.57142857142857,1.13389341902768,-2,1,0.714285714285714,0.755928946018454,0,2,-1.85714285714286,0.377964473009227,-2,-1,0.714285714285714,1.11269728052837,0,3
"chair","nonvisual",2,"Is it nutritious?","no","chair:nonvisual:no:2",7,-1.57142857142857,1.13389341902768,-2,1,0.428571428571429,0.786795792469443,0,2,-1.85714285714286,0.377964473009227,-2,-1,0.857142857142857,1.21498579258791,0,3
"chair","nonvisual",3,"Is it a root?","no","chair:nonvisual:no:3",6,-2,0,-2,-2,1,1.54919333848297,0,4,-1.33333333333333,1.211060141639,-2,1,0.833333333333333,1.32916013582513,0,3
"chair","nonvisual",4,"Is it used in circuses?","yes","chair:nonvisual:yes:4",7,0.428571428571429,0.534522483824849,0,1,1.57142857142857,0.975900072948533,0,3,-0.571428571428571,0.534522483824849,-1,0,0.714285714285714,0.951189731211342,0,2
"chair","nonvisual",5,"Is it an animal?","no","chair:nonvisual:no:5",4,-2,0,-2,-2,1.5,1.29099444873581,0,3,-1.75,0.5,-2,-1,1.25,1.5,0,3
"chair","visual",1,"Is it long?","no","chair:visual:no:1",7,-0.714285714285714,0.755928946018454,-2,0,1.42857142857143,1.13389341902768,0,3,-1.57142857142857,0.534522483824849,-2,-1,0,0,0,0
"chair","visual",2,"Does it have a tail?","no","chair:visual:no:2",6,-2,0,-2,-2,0.333333333333333,0.516397779494322,0,1,-2,0,-2,-2,0.166666666666667,0.408248290463863,0,1
"chair","visual",3,"Does it have a snout?","no","chair:visual:no:3",6,-1.5,0.836660026534076,-2,0,0.833333333333333,0.983192080250175,0,2,-1.33333333333333,1.03279555898864,-2,0,0.666666666666667,1.211060141639,0,3
"chair","visual",4,"Is it orange?","no","chair:visual:no:4",4,-0.75,0.957427107756338,-2,0,2.25,1.5,1,4,-1.75,0.5,-2,-1,0,0,0,0
"chair","visual",5,"Does it have a tail?","no","chair:visual:no:5",5,-0.8,1.78885438199983,-2,2,3.2,1.09544511501033,2,4,-1.8,0.447213595499958,-2,-1,1.2,1.78885438199983,0,4
"chicken","nonvisual",1,"Does it lay eggs?","yes","chicken:nonvisual:yes:1",6,1.66666666666667,0.516397779494322,1,2,2.83333333333333,1.60208197875972,0,4,-1.33333333333333,1.63299316185545,-2,2,2.5,1.97484176581315,0,4
"chicken","nonvisual",2,"Does it live on a farm?","yes","chicken:nonvisual:yes:2",5,1.4,0.547722557505166,1,2,1.2,0.836660026534076,0,2,-1.2,0.836660026534076,-2,0,0.8,0.836660026534076,0,2
"chicken","nonvisual",3,"Does it eat grain?","yes","chicken:nonvisual:yes:3",4,1.5,0.577350269189626,1,2,1.25,0.957427107756338,0,2,-1,1.4142135623731,-2,1,0.75,0.957427107756338,0,2
"chicken","nonvisual",4,"Is it eaten by frying?","yes","chicken:nonvisual:yes:4",2,1,1.4142135623731,0,2,2,0,2,2,-1,0,-1,-1,1.5,0.707106781186548,1,2
"chicken","nonvisual",5,"Does it live in a coop?","yes","chicken:nonvisual:yes:5",5,1.4,0.547722557505166,1,2,1.4,1.51657508881031,0,4,-1.6,0.547722557505166,-2,-1,0.6,0.894427190999916,0,2
"chicken","visual",1,"Does it have feathers?","yes","chicken:visual:yes:1",6,1.5,0.836660026534076,0,2,2.5,1.22474487139159,1,4,-1,1.26491106406735,-2,1,2.16666666666667,1.32916013582513,0,4
"chicken","visual",2,"Does it have wings?","yes","chicken:visual:yes:2",4,2,0,2,2,1.25,1.5,0,3,-1.75,0.5,-2,-1,0,0,0,0
"chicken","visual",3,"Does it have a beak?","yes","chicken:visual:yes:3",5,1.6,0.894427190999916,0,2,1.4,0.547722557505166,1,2,-1.2,1.30384048104053,-2,1,1.6,0.894427190999916,1,3
"chicken","visual",4,"Does it have legs?","yes","chicken:visual:yes:4",7,2,0,2,2,1.14285714285714,0.690065559342354,0,2,-2,0,-2,-2,0.428571428571429,0.786795792469443,0,2
"chicken","nonvisual",1,"Is it used for holding liquids?","no","chicken:nonvisual:no:1",4,-2,0,-2,-2,0.75,0.957427107756338,0,2,-1.75,0.5,-2,-1,0,0,0,0
"chicken","nonvisual",2,"Is it a mammal?","no","chicken:nonvisual:no:2",7,-1.42857142857143,1.51185789203691,-2,2,1.14285714285714,0.899735410842437,0,2,-1.57142857142857,0.534522483824849,-2,-1,2.14285714285714,1.4638501094228,0,4
"chicken","nonvisual",3,"Is it used for making jam?","no","chicken:nonvisual:no:3",4,-2,0,-2,-2,0.5,0.577350269189626,0,1,-2,0,-2,-2,0.25,0.5,0,1
"chicken","nonvisual",4,"Is it worn for the rain?","no","chicken:nonvisual:no:4",3,-2,0,-2,-2,0.666666666666667,0.577350269189626,0,1,-2,0,-2,-2,0.666666666666667,0.577350269189626,0,1
"chicken","nonvisual",5,"Is it comfortable?","no","chicken:nonvisual:no:5",5,-0.2,0.836660026534076,-1,1,1.4,1.14017542509914,0,3,-0.6,1.14017542509914,-2,1,0.6,0.894427190999916,0,2
"chicken","visual",1,"Is it orange?","no","chicken:visual:no:1",4,-1.25,0.957427107756338,-2,0,1.5,1,0,2,-0.75,1.25830573921179,-2,1,1.5,1.91485421551268,0,4
"chicken","visual",2,"Is it yellow?","no","chicken:visual:no:2",5,-0.6,1.14017542509914,-2,1,2.2,1.30384048104053,1,4,-1,1.4142135623731,-2,1,1,1,0,2
"chicken","visual",3,"Does it have hooves?","no","chicken:visual:no:3",5,-2,0,-2,-2,1.2,1.6431676725155,0,4,-1.8,0.447213595499958,-2,-1,1,1.22474487139159,0,3
"chicken","visual",4,"Does it have four legs?","no","chicken:visual:no:4",4,-1,2,-2,2,0.5,0.577350269189626,0,1,-2,0,-2,-2,0.25,0.5,0,1
"deer","nonvisual",1,"Is it hunted by people?","yes","deer:nonvisual:yes:1",5,1.4,0.894427190999916,0,2,1,0.707106781186548,0,2,-2,0,-2,-2,0.8,0.836660026534076,0,2
"deer","nonvisual",2,"Is it fast?","yes","deer:nonvisual:yes:2",5,1,1,0,2,1.8,1.6431676725155,0,4,-1.4,0.894427190999916,-2,0,2,1.58113883008419,0,4
"deer","nonvisual",3,"Is it a mammal?","yes","deer:nonvisual:yes:3",6,2,0,2,2,1.66666666666667,1.63299316185545,0,4,-1.16666666666667,0.752772652709081,-2,0,1.33333333333333,1.211060141639,0,3
"deer","nonvisual",4,"Is it an herbivore?","yes","deer:nonvisual:yes:4",4,0.25,1.70782512765993,-2,2,1,0.816496580927726,0,2,-1,0.816496580927726,-2,0,1.75,0.957427107756338,1,3
"deer","nonvisual",5,"Is it timid?","yes","deer:nonvisual:yes:5",3,1.66666666666667,0.577350269189626,1,2,2.33333333333333,0.577350269189626,2,3,-1.33333333333333,1.15470053837925,-2,0,1,1,0,2
"deer","visual",1,"Does it have antlers?","yes","deer:visual:yes:1",5,0.4,0.547722557505166,0,1,1.6,0.894427190999916,1,3,-0.6,1.34164078649987,-2,1,1,1.22474487139159,0,3
"deer","visual",2,"Does it have four legs?","yes","deer:visual:yes:2",4,2,0,2,2,1,1.4142135623731,0,3,-1.75,0.5,-2,-1,0,0,0,0
"deer","visual",3,"Does it have eyes?","yes","deer:visual:yes:3",6,2,0,2,2,2.16666666666667,1.47196014438797,1,4,-1.83333333333333,0.408248290463863,-2,-1,0.833333333333333,0.983192080250175,0,2
"deer","visual",4,"Does it have hooves?","yes","deer:visual:yes:4",3,1,1,0,2,3.33333333333333,1.15470053837925,2,4,-0.333333333333333,1.52752523165195,-2,1,2.33333333333333,0.577350269189626,2,3
"deer","visual",5,"Does it have a white tail?","yes","deer:visual:yes:5",8,0.875,0.640869944461656,0,2,2,0.925820099772551,1,4,-1,0.755928946018454,-2,0,1.75,0.886405260427918,0,3
"deer","nonvisual",1,"Does it live in zoos?","no","deer:nonvisual:no:1",4,-1,0.816496580927726,-2,0,1.5,1.29099444873581,0,3,-1.5,1,-2,0,2.25,1.70782512765993,0,4
"deer","nonvisual",2,"Is it smelly?","no","deer:nonvisual:no:2",4,-0.25,0.957427107756338,-1,1,0.75,0.957427107756338,0,2,-1.75,0.5,-2,-1,1.25,1.25830573921179,0,3
"deer","nonvisual",3,"Is it loud?","no","deer:nonvisual:no:3",5,-1.2,0.836660026534076,-2,0,1.6,1.51657508881031,0,4,-0.8,1.09544511501033,-2,0,1.4,0.894427190999916,0,2
"deer","nonvisual",4,"Does it eat people?","no","deer:nonvisual:no:4",4,-2,0,-2,-2,1,1.15470053837925,0,2,-2,0,-2,-2,0.25,0.5,0,1
"deer","nonvisual",5,"Is it used for cider?","no","deer:nonvisual:no:5",4,-2,0,-2,-2,0.75,1.5,0,3,-1.75,0.5,-2,-1,1.25,1.89296944860009,0,4
"deer","visual",1,"Is it yellow?","no","deer:visual:no:1",12,-1.58333333333333,0.90033663737852,-2,1,2.16666666666667,1.40345893053447,0,4,-1.5,1,-2,1,1.08333333333333,1.50504203102489,0,4
"deer","visual",2,"Is it green?","no","deer:visual:no:2",6,-2,0,-2,-2,2.5,1.7606816861659,0,4,-2,0,-2,-2,1.33333333333333,2.06559111797729,0,4
"deer","visual",3,"Does it have a lid?","no","deer:visual:no:3",5,-2,0,-2,-2,1.4,1.67332005306815,0,4,-2,0,-2,-2,0.2,0.447213595499958,0,1
"deer","visual",4,"Does it have a cushion?","no","deer:visual:no:4",6,-1.66666666666667,0.816496580927726,-2,0,1.83333333333333,1.47196014438797,0,4,-1.33333333333333,1.211060141639,-2,1,0.333333333333333,0.516397779494322,0,1
"deer","visual",5,"Does it have large teeth?","no","deer:visual:no:5",7,-0.142857142857143,0.690065559342354,-1,1,1.85714285714286,1.3451854182691,0,4,-0.285714285714286,1.49602648308619,-2,2,1.57142857142857,1.39727626201154,0,4
"dog","nonvisual",1,"Does it bark?","yes","dog:nonvisual:yes:1",12,1.41666666666667,1.16450015288132,-2,2,1.41666666666667,1.67648622440092,0,4,-1.33333333333333,1.07308673997732,-2,1,1.33333333333333,1.43548112513055,0,4
"dog","nonvisual",2,"Is it an animal?","yes","dog:nonvisual:yes:2",7,2,0,2,2,1.42857142857143,1.51185789203691,0,4,-2,0,-2,-2,1.57142857142857,1.71824938596845,0,4
"dog","nonvisual",3,"Is it a pet?","yes","dog:nonvisual:yes:3",6,1.5,0.547722557505166,1,2,0.666666666666667,0.816496580927726,0,2,-1.83333333333333,0.408248290463863,-2,-1,0,0,0,0
"dog","nonvisual",4,"Is it used for protection?","yes","dog:nonvisual:yes:4",6,0.666666666666667,0.816496580927726,0,2,1.16666666666667,1.83484785926972,0,4,-1.83333333333333,0.408248290463863,-2,-1,0.666666666666667,1.03279555898864,0,2
"dog","nonvisual",5,"Does it chase cats?","yes","dog:nonvisual:yes:5",5,1,1,0,2,1.4,1.14017542509914,0,3,-1,0,-1,-1,1.2,1.30384048104053,0,3
"dog","visual",1,"Does it have four legs?","yes","dog:visual:yes:1",4,1.75,0.5,1,2,1.25,0.957427107756338,0,2,-2,0,-2,-2,1,1.4142135623731,0,3
"dog","visual",2,"Does it have legs?","yes","dog:visual:yes:2",5,1.8,0.447213595499958,1,2,1.4,1.14017542509914,0,3,-2,0,-2,-2,0.8,1.09544511501033,0,2
"dog","visual",3,"Does it have a tail?","yes","dog:visual:yes:3",7,1.57142857142857,0.534522483824849,1,2,2,1.15470053837925,0,3,-1.42857142857143,0.534522483824849,-2,-1,1.28571428571429,0.951189731211342,0,3
"dog","visual",4,"Does it have hair?","yes","dog:visual:yes:4",5,1.6,0.547722557505166,1,2,2,1.58113883008419,0,4,-1.8,0.447213595499958,-2,-1,1,1.22474487139159,0,3
"dog","visual",5,"Does it have a nose?","yes","dog:visual:yes:5",4,1.75,0.5,1,2,1.25,1.89296944860009,0,4,-2,0,-2,-2,0,0,0,0
"dog","nonvisual",1,"Does it hop?","no","dog:nonvisual:no:1",5,-0.8,0.836660026534076,-2,0,1.8,0.836660026534076,1,3,-1,1.22474487139159,-2,1,1.2,1.30384048104053,0,3
"dog","nonvisual",2,"Is it eaten in pies?","no","dog:nonvisual:no:2",7,-1.71428571428571,0.755928946018454,-2,0,0.857142857142857,1.0690449676497,0,3,-1.57142857142857,0.786795792469443,-2,0,0.571428571428571,0.786795792469443,0,2
"dog","nonvisual",3,"Is it eaten as bacon?","no","dog:nonvisual:no:3",3,-2,0,-2,-2,0.333333333333333,0.577350269189626,0,1,-2,0,-2,-2,0,0,0,0
"dog","nonvisual",4,"Is it prickly?","no","dog:nonvisual:no:4",6,-1.5,0.836660026534076,-2,0,2,1.54919333848297,0,4,-1.83333333333333,0.408248290463863,-2,-1,0.833333333333333,0.752772652709081,0,2
"dog","nonvisual",5,"Does it lay eggs?","no","dog:nonvisual:no:5",6,-2,0,-2,-2,1,1.54919333848297,0,4,-2,0,-2,-2,0,0,0,0
"dog","visual",1,"Does it have antlers?","no","dog:visual:no:1",4,-1.75,0.5,-2,-1,1.75,1.5,0,3,-1.25,0.957427107756338,-2,0,0,0,0,0
"dog","visual",2,"Is it pink?","no","dog:visual:no:2",9,-1.22222222222222,0.833333333333333,-2,0,1.33333333333333,1.58113883008419,0,4,-1.33333333333333,1.11803398874989,-2,1,0.444444444444444,1.0137937550497,0,3
"dog","visual",3,"Does it have a caboose?","no","dog:visual:no:3",8,-1.5,0.925820099772551,-2,0,0.75,1.16496474502144,0,3,-1.25,1.38873014965883,-2,1,1,1.60356745147455,0,4
"dog","visual",4,"Does it have a top?","yes","dog:visual:yes:4",4,0.5,1.73205080756888,-2,2,1.5,1.29099444873581,0,3,-0.25,1.70782512765993,-2,2,1.25,1.5,0,3
"dog","visual",5,"Does it have a mask?","no","dog:visual:no:5",6,-2,0,-2,-2,0.833333333333333,0.752772652709081,0,2,-1.83333333333333,0.408248290463863,-2,-1,0.666666666666667,1.03279555898864,0,2
"donkey","nonvisual",1,"Is it an animal?","yes","donkey:nonvisual:yes:1",3,2,0,2,2,2,0,2,2,-1.66666666666667,0.577350269189626,-2,-1,2.33333333333333,0.577350269189626,2,3
"donkey","nonvisual",2,"Is it like a horse?","yes","donkey:nonvisual:yes:2",5,0.8,1.6431676725155,-2,2,2.2,1.30384048104053,1,4,-1.2,0.836660026534076,-2,0,1.2,0.836660026534076,0,2
"donkey","nonvisual",3,"Is it a mammal?","yes","donkey:nonvisual:yes:3",1,2,NA,2,2,2,NA,2,2,-2,NA,-2,-2,2,NA,2,2
"donkey","nonvisual",4,"Is it furry?","yes","donkey:nonvisual:yes:4",9,1.22222222222222,1.092906420717,-1,2,2.33333333333333,1.3228756555323,0,4,-1.22222222222222,0.97182531580755,-2,1,1.44444444444444,0.881917103688197,0,2
"donkey","nonvisual",5,"Does it make noises?","yes","donkey:nonvisual:yes:5",5,1.2,1.30384048104053,-1,2,1.4,0.894427190999916,0,2,-1.6,0.894427190999916,-2,0,1,1.22474487139159,0,3
"donkey","visual",1,"Does it have legs?","yes","donkey:visual:yes:1",7,2,0,2,2,1,1.15470053837925,0,3,-1.71428571428571,0.487950036474266,-2,-1,0.857142857142857,1.21498579258791,0,3
"donkey","visual",2,"Does it have four legs?","yes","donkey:visual:yes:2",4,2,0,2,2,2,1.4142135623731,1,4,-2,0,-2,-2,0.25,0.5,0,1
"donkey","visual",3,"Does it have a tail?","yes","donkey:visual:yes:3",3,0.666666666666667,1.52752523165195,-1,2,2.66666666666667,1.52752523165195,1,4,-1,1.73205080756888,-2,1,2,2,0,4
"donkey","visual",4,"Does it have hooves?","yes","donkey:visual:yes:4",7,1.14285714285714,1.4638501094228,-2,2,2.57142857142857,1.51185789203691,0,4,-0.857142857142857,0.690065559342354,-2,0,1.57142857142857,1.13389341902768,0,3
"donkey","nonvisual",1,"Does it lay eggs?","no","donkey:nonvisual:no:1",6,-2,0,-2,-2,0,0,0,0,-2,0,-2,-2,0.666666666666667,1.211060141639,0,3
"donkey","nonvisual",2,"Does it grow on trees?","no","donkey:nonvisual:no:2",5,-2,0,-2,-2,1.6,1.81659021245849,0,4,-1.8,0.447213595499958,-2,-1,1,1.73205080756888,0,4
"donkey","nonvisual",3,"Is it furniture?","no","donkey:nonvisual:no:3",5,-1.6,0.894427190999916,-2,0,1.6,0.894427190999916,1,3,-1.6,0.894427190999916,-2,0,0.6,0.894427190999916,0,2
"donkey","nonvisual",4,"Does it chase cats?","no","donkey:nonvisual:no:4",6,-1.83333333333333,0.408248290463863,-2,-1,0.5,0.547722557505166,0,1,-1.83333333333333,0.408248290463863,-2,-1,0.5,1.22474487139159,0,3
"donkey","visual",1,"Is it round?","no","donkey:visual:no:1",5,-1.8,0.447213595499958,-2,-1,2.2,2.04939015319192,0,4,-1.4,1.34164078649987,-2,1,1.2,1.78885438199983,0,4
"donkey","visual",2,"Does it have a pointed end?","no","donkey:visual:no:2",5,-1.8,0.447213595499958,-2,-1,1.4,1.14017542509914,0,3,-1.4,0.894427190999916,-2,0,0.2,0.447213595499958,0,1
"donkey","visual",3,"Does it have stripes?","no","donkey:visual:no:3",4,-1.5,0.577350269189626,-2,-1,0.75,0.957427107756338,0,2,-1.5,0.577350269189626,-2,-1,0.25,0.5,0,1
"donkey","visual",4,"Is it small?","no","donkey:visual:no:4",3,-1.33333333333333,1.15470053837925,-2,0,1,1.73205080756888,0,3,-1.66666666666667,0.577350269189626,-2,-1,0.666666666666667,1.15470053837925,0,2
"elephant","nonvisual",1,"Is it an animal?","yes","elephant:nonvisual:yes:1",7,2,0,2,2,0.714285714285714,0.487950036474267,0,1,-2,0,-2,-2,1,1.52752523165195,0,4
"elephant","nonvisual",2,"Does it live in Africa?","yes","elephant:nonvisual:yes:2",6,1,0.632455532033676,0,2,1.5,0.547722557505166,1,2,-1.5,0.547722557505166,-2,-1,1.5,1.04880884817015,0,3
"elephant","nonvisual",3,"Does it live in zoos?","yes","elephant:nonvisual:yes:3",4,0.5,0.577350269189626,0,1,0.5,1,0,2,-1.75,0.5,-2,-1,0.75,1.5,0,3
"elephant","nonvisual",4,"Is it used in circuses?","yes","elephant:nonvisual:yes:4",7,1,1.52752523165195,-2,2,2,1.15470053837925,1,4,-1.57142857142857,0.534522483824849,-2,-1,1.42857142857143,1.39727626201154,0,4
"elephant","nonvisual",5,"Does it eat peanuts?","yes","elephant:nonvisual:yes:5",5,1.4,0.894427190999916,0,2,1.8,1.09544511501033,0,3,-1.4,1.34164078649987,-2,1,1.6,1.51657508881031,0,3
"elephant","visual",1,"Is it grey?","yes","elephant:visual:yes:1",4,1.75,0.5,1,2,1.25,0.957427107756338,0,2,-1.75,0.5,-2,-1,1.25,0.957427107756338,0,2
"elephant","visual",2,"Does it have ears?","yes","elephant:visual:yes:2",5,2,0,2,2,1.6,1.14017542509914,0,3,-2,0,-2,-2,0.4,0.894427190999916,0,2
"elephant","visual",3,"Does it have four legs?","yes","elephant:visual:yes:3",3,2,0,2,2,0,0,0,0,-2,0,-2,-2,0.333333333333333,0.577350269189626,0,1
"elephant","visual",4,"Does it have a tail?","yes","elephant:visual:yes:4",3,1,1,0,2,2.33333333333333,1.15470053837925,1,3,-0.333333333333333,2.08166599946613,-2,2,2.33333333333333,1.15470053837925,1,3
"elephant","visual",5,"Does it have large ears?","yes","elephant:visual:yes:5",6,2,0,2,2,1.66666666666667,1.211060141639,0,3,-1.5,0.836660026534076,-2,0,0.666666666666667,0.516397779494322,0,1
"elephant","nonvisual",1,"Is it a rodent?","no","elephant:nonvisual:no:1",6,-0.5,1.6431676725155,-2,1,2,1.67332005306815,0,4,-1.16666666666667,0.983192080250175,-2,0,1.66666666666667,1.03279555898864,0,3
"elephant","nonvisual",2,"Is it a reptile?","no","elephant:nonvisual:no:2",4,-2,0,-2,-2,0.5,0.577350269189626,0,1,-1.75,0.5,-2,-1,1.5,1,0,2
"elephant","nonvisual",3,"Does it live on farms?","no","elephant:nonvisual:no:3",3,-1,1.73205080756888,-2,1,1.66666666666667,2.08166599946613,0,4,-1.66666666666667,0.577350269189626,-2,-1,2.33333333333333,1.15470053837925,1,3
"elephant","nonvisual",4,"Is it furry?","no","elephant:nonvisual:no:4",7,-1.57142857142857,0.786795792469443,-2,0,1.42857142857143,0.975900072948533,0,3,-1,1.15470053837925,-2,1,0.571428571428571,0.786795792469443,0,2
"elephant","nonvisual",5,"Does it lay eggs?","no","elephant:nonvisual:no:5",6,-2,0,-2,-2,0.333333333333333,0.516397779494322,0,1,-2,0,-2,-2,1,1.09544511501033,0,3
"elephant","visual",1,"Is it made of wood?","no","elephant:visual:no:1",4,-2,0,-2,-2,1.5,1.29099444873581,0,3,-1.5,0.577350269189626,-2,-1,1.5,1.29099444873581,0,3
"elephant","visual",2,"Does it have scales?","no","elephant:visual:no:2",3,-2,0,-2,-2,1.33333333333333,0.577350269189626,1,2,-2,0,-2,-2,0.666666666666667,1.15470053837925,0,2
"elephant","visual",3,"Is it beige?","no","elephant:visual:no:3",5,-1.8,0.447213595499958,-2,-1,2,1.22474487139159,1,4,-1.8,0.447213595499958,-2,-1,0.6,0.547722557505166,0,1
"elephant","visual",4,"Does it have fur?","no","elephant:visual:no:4",4,-0.75,0.5,-1,0,2.5,1.29099444873581,1,4,-0.5,1,-1,1,2.25,1.25830573921179,1,4
"elephant","visual",5,"Does it have hooves?","no","elephant:visual:no:5",6,-1.16666666666667,1.60208197875972,-2,2,1,1.26491106406735,0,3,-1.83333333333333,0.408248290463863,-2,-1,0.166666666666667,0.408248290463863,0,1
"giraffe","nonvisual",1,"Does it eat leaves?","yes","giraffe:nonvisual:yes:1",5,1.2,0.836660026534076,0,2,1.6,0.547722557505166,1,2,-1.2,0.836660026534076,-2,0,2.2,0.836660026534076,1,3
"giraffe","nonvisual",2,"Does it live in Africa?","yes","giraffe:nonvisual:yes:2",6,1.5,0.836660026534076,0,2,2,1.67332005306815,0,4,-1.16666666666667,0.983192080250175,-2,0,1.83333333333333,1.72240142436851,0,4
"giraffe","nonvisual",3,"Does it live in zoos?","yes","giraffe:nonvisual:yes:3",7,1.71428571428571,0.487950036474266,1,2,1.42857142857143,1.61834718742537,0,4,-1.85714285714286,0.377964473009227,-2,-1,0.571428571428571,1.13389341902768,0,3
"giraffe","nonvisual",4,"Is it a mammal?","yes","giraffe:nonvisual:yes:4",3,2,0,2,2,1.33333333333333,1.52752523165195,0,3,-0.333333333333333,1.15470053837925,-1,1,1.66666666666667,0.577350269189626,1,2
"giraffe","visual",1,"Does it have spots?","yes","giraffe:visual:yes:1",7,1.71428571428571,0.487950036474266,1,2,2.85714285714286,1.21498579258791,1,4,-1.57142857142857,0.786795792469443,-2,0,1.85714285714286,1.67616341969505,0,4
"giraffe","visual",2,"Is it tall?","yes","giraffe:visual:yes:2",4,1.75,0.5,1,2,2,0.816496580927726,1,3,-2,0,-2,-2,1,1.4142135623731,0,3
"giraffe","visual",3,"Does it have long legs?","yes","giraffe:visual:yes:3",4,1.75,0.5,1,2,2,1.63299316185545,0,4,-1.75,0.5,-2,-1,1.75,1.70782512765993,0,4
"giraffe","visual",4,"Is it brown?","yes","giraffe:visual:yes:4",7,0.714285714285714,1.11269728052837,-1,2,3.42857142857143,0.786795792469443,2,4,-0.428571428571429,1.2724180205607,-2,1,3,1.15470053837925,1,4
"giraffe","nonvisual",1,"Is it eaten by frying?","no","giraffe:nonvisual:no:1",5,-1.6,0.547722557505166,-2,-1,1,0.707106781186548,0,2,-1.4,0.894427190999916,-2,0,0.8,0.836660026534076,0,2
"giraffe","nonvisual",2,"Is it hunted by people?","no","giraffe:nonvisual:no:2",4,-1,0.816496580927726,-2,0,2,1.82574185835055,0,4,-0.25,1.25830573921179,-2,1,2.25,1.70782512765993,0,4
"giraffe","nonvisual",3,"Does it live in grass?","yes","giraffe:nonvisual:yes:3",11,0.545454545454545,1.21355975243384,-2,2,2,1,0,4,-0.818181818181818,0.981649817214043,-2,1,2.09090909090909,1.13618180363404,0,4
"giraffe","nonvisual",4,"Is it an insect?","no","giraffe:nonvisual:no:4",7,-2,0,-2,-2,1.71428571428571,1.49602648308619,0,4,-1.85714285714286,0.377964473009227,-2,-1,1.14285714285714,1.4638501094228,0,3
"giraffe","visual",1,"Is it green?","no","giraffe:visual:no:1",5,-2,0,-2,-2,1.6,1.81659021245849,0,4,-1.8,0.447213595499958,-2,-1,0.4,0.547722557505166,0,1
"giraffe","visual",2,"Does it have warts?","no","giraffe:visual:no:2",8,-1.125,1.1259916264596,-2,1,1,1.51185789203691,0,4,-0.875,1.35620268186054,-2,1,1,1.4142135623731,0,4
"giraffe","visual",3,"Is it muddy?","no","giraffe:visual:no:3",3,-1,0,-1,-1,2,0,2,2,-1,1,-2,0,0.666666666666667,1.15470053837925,0,2
"giraffe","visual",4,"Does it have antennae?","no","giraffe:visual:no:4",6,-1.83333333333333,0.408248290463863,-2,-1,2.16666666666667,1.47196014438797,0,4,-0.833333333333333,0.408248290463863,-1,0,1,1.09544511501033,0,3
"grasshopper","nonvisual",1,"Is it an insect?","yes","grasshopper:nonvisual:yes:1",6,1.66666666666667,0.516397779494322,1,2,1.5,1.51657508881031,0,4,-1.33333333333333,0.816496580927726,-2,0,1.5,0.836660026534076,1,3
"grasshopper","nonvisual",2,"Does it live in grass?","yes","grasshopper:nonvisual:yes:2",4,1,0,1,1,1.25,1.25830573921179,0,3,-1,1.15470053837925,-2,0,0.5,1,0,2
"grasshopper","nonvisual",3,"Is it found in summer?","yes","grasshopper:nonvisual:yes:3",4,1.25,0.957427107756338,0,2,2,1.4142135623731,1,4,-1.25,1.5,-2,1,2.25,2.06155281280883,0,4
"grasshopper","nonvisual",4,"Does it fly?","no","grasshopper:nonvisual:no:4",7,-0.142857142857143,1.3451854182691,-2,1,1.71428571428571,0.951189731211342,0,3,-0.285714285714286,0.951189731211342,-2,1,1.57142857142857,1.2724180205607,0,3
"grasshopper","visual",1,"Is it green?","yes","grasshopper:visual:yes:1",8,1.375,0.517549169506766,1,2,2,1.30930734141595,0,4,-1.5,0.534522483824849,-2,-1,0.625,1.06066017177982,0,3
"grasshopper","visual",2,"Does it have legs?","yes","grasshopper:visual:yes:2",4,2,0,2,2,1,0.816496580927726,0,2,-1.5,0.577350269189626,-2,-1,0.25,0.5,0,1
"grasshopper","visual",3,"Does it have long legs?","no","grasshopper:visual:no:3",5,-0.2,1.6431676725155,-2,2,1,1,0,2,-1.2,0.836660026534076,-2,0,1.2,1.30384048104053,0,3
"grasshopper","visual",4,"Does it have antennae?","yes","grasshopper:visual:yes:4",9,0.666666666666667,1.6583123951777,-2,2,2.11111111111111,1.26929551764398,0,4,-1,1.22474487139159,-2,1,1.22222222222222,1.48136573621926,0,4
"grasshopper","nonvisual",1,"Does it require a conductor?","no","grasshopper:nonvisual:no:1",5,-1,1.4142135623731,-2,1,0.8,0.836660026534076,0,2,-0.8,1.30384048104053,-2,1,0.6,0.894427190999916,0,2
"grasshopper","nonvisual",2,"Is it hunted by people?","no","grasshopper:nonvisual:no:2",4,-0.75,0.957427107756338,-2,0,0.25,0.5,0,1,-1,1.4142135623731,-2,1,1.75,2.06155281280883,0,4
"grasshopper","nonvisual",3,"Does it taste good?","no","grasshopper:nonvisual:no:3",5,-1.2,0.836660026534076,-2,0,1,1,0,2,-1.2,1.09544511501033,-2,0,0.2,0.447213595499958,0,1
"grasshopper","visual",1,"Is it made of wood?","no","grasshopper:visual:no:1",6,-2,0,-2,-2,1.16666666666667,1.60208197875972,0,4,-2,0,-2,-2,0.166666666666667,0.408248290463863,0,1
"grasshopper","visual",2,"Does it have teeth?","no","grasshopper:visual:no:2",2,-2,0,-2,-2,0.5,0.707106781186548,0,1,-2,0,-2,-2,1.5,0.707106781186548,1,2
"grasshopper","visual",3,"Does it have an engine?","no","grasshopper:visual:no:3",4,-1.75,0.5,-2,-1,0.25,0.5,0,1,-1,1.15470053837925,-2,0,0.25,0.5,0,1
"grasshopper","visual",4,"Is it long?","no","grasshopper:visual:no:4",5,-0.4,1.14017542509914,-2,1,1.2,0.836660026534076,0,2,-1.6,0.547722557505166,-2,-1,1,1.22474487139159,0,3
"jacket","nonvisual",1,"Is it clothing?","yes","jacket:nonvisual:yes:1",5,2,0,2,2,0.4,0.547722557505166,0,1,-2,0,-2,-2,0,0,0,0
"jacket","nonvisual",2,"Is it worn in cold temperatures?","yes","jacket:nonvisual:yes:2",8,1.625,0.517549169506766,1,2,1.25,0.886405260427918,0,3,-1.75,0.462910049886276,-2,-1,1.125,0.991031208965115,0,2
"jacket","nonvisual",3,"Is it worn in winter?","yes","jacket:nonvisual:yes:3",6,0.5,1.6431676725155,-2,2,1.66666666666667,1.36626010212795,0,4,-1.83333333333333,0.408248290463863,-2,-1,0.5,0.836660026534076,0,2
"jacket","nonvisual",4,"Is it worn for the rain?","yes","jacket:nonvisual:yes:4",5,1.4,0.894427190999916,0,2,0.8,0.836660026534076,0,2,-1.4,0.894427190999916,-2,0,0.8,0.836660026534076,0,2
"jacket","visual",1,"Does it have a zipper?","yes","jacket:visual:yes:1",4,1.25,0.5,1,2,3.25,0.5,3,4,-1.25,1.5,-2,1,0.5,1,0,2
"jacket","visual",2,"Does it have pockets?","yes","jacket:visual:yes:2",6,1.66666666666667,0.516397779494322,1,2,1.33333333333333,0.816496580927726,0,2,-1.33333333333333,0.516397779494322,-2,-1,1.16666666666667,0.983192080250175,0,2
"jacket","visual",3,"Does it have a hood?","yes","jacket:visual:yes:3",4,0.25,0.5,0,1,1.75,0.957427107756338,1,3,-0.75,0.957427107756338,-2,0,0.25,0.5,0,1
"jacket","visual",4,"Does it have sleeves?","yes","jacket:visual:yes:4",5,1.8,0.447213595499958,1,2,2.8,1.6431676725155,0,4,-1.6,0.547722557505166,-2,-1,1.2,1.30384048104053,0,3
"jacket","nonvisual",1,"Is it a vegetable?","no","jacket:nonvisual:no:1",5,-2,0,-2,-2,2.8,1.78885438199983,0,4,-1.8,0.447213595499958,-2,-1,2,2,0,4
"jacket","nonvisual",2,"Does it eat leaves?","no","jacket:nonvisual:no:2",7,-2,0,-2,-2,0.857142857142857,0.899735410842437,0,2,-1.85714285714286,0.377964473009227,-2,-1,0.714285714285714,0.755928946018454,0,2
"jacket","nonvisual",3,"Is it an animal?","no","jacket:nonvisual:no:3",6,-1.66666666666667,0.816496580927726,-2,0,1,0.894427190999916,0,2,-1.66666666666667,0.516397779494322,-2,-1,0.166666666666667,0.408248290463863,0,1
"jacket","nonvisual",4,"Does it live in Africa?","no","jacket:nonvisual:no:4",4,-0.5,1,-2,0,0.5,0.577350269189626,0,1,0,1.82574185835055,-2,2,0.5,0.577350269189626,0,1
"jacket","visual",1,"Does it have ears?","no","jacket:visual:no:1",7,-2,0,-2,-2,1.14285714285714,1.21498579258791,0,3,-1.57142857142857,0.786795792469443,-2,0,0.428571428571429,1.13389341902768,0,3
"jacket","visual",3,"Is it tall?","no","jacket:visual:no:3",5,-1.2,0.836660026534076,-2,0,1.6,1.51657508881031,0,4,-1.6,0.547722557505166,-2,-1,0.4,0.547722557505166,0,1
"jacket","visual",4,"Does it have hair?","no","jacket:visual:no:4",7,-0.571428571428571,0.786795792469443,-2,0,1.14285714285714,0.690065559342354,0,2,-1.57142857142857,0.534522483824849,-2,-1,0.285714285714286,0.487950036474267,0,1
"lion","nonvisual",1,"Is it an animal?","yes","lion:nonvisual:yes:1",8,1.75,0.707106781186548,0,2,1.375,1.68501801601221,0,4,-1.875,0.353553390593274,-2,-1,0.875,1.35620268186054,0,4
"lion","nonvisual",2,"Is it a carnivore?","yes","lion:nonvisual:yes:2",8,1.625,0.517549169506766,1,2,1.375,1.18773493916542,0,3,-1.75,0.462910049886276,-2,-1,1.5,1.19522860933439,0,3
"lion","nonvisual",3,"Is it a mammal?","yes","lion:nonvisual:yes:3",6,1.83333333333333,0.408248290463863,1,2,0.666666666666667,0.816496580927726,0,2,-1.5,0.836660026534076,-2,0,1.66666666666667,1.50554530541816,0,4
"lion","nonvisual",4,"Does it live in jungles?","yes","lion:nonvisual:yes:4",5,0.4,1.14017542509914,-1,2,2,0.707106781186548,1,3,-0.8,0.836660026534076,-2,0,2,1.4142135623731,0,3
"lion","nonvisual",5,"Does it roar?","yes","lion:nonvisual:yes:5",4,2,0,2,2,2,1.82574185835055,0,4,-2,0,-2,-2,2,0.816496580927726,1,3
"lion","visual",1,"Does it have a mane?","yes","lion:visual:yes:1",5,0.8,1.30384048104053,-1,2,0.8,0.836660026534076,0,2,-1.6,0.547722557505166,-2,-1,1.6,1.51657508881031,0,3
"lion","visual",2,"Does it have fur?","yes","lion:visual:yes:2",7,1.57142857142857,0.534522483824849,1,2,1.28571428571429,1.38013111868471,0,3,-1.57142857142857,0.786795792469443,-2,0,0.571428571428571,1.13389341902768,0,3
"lion","visual",3,"Does it have a tail?","yes","lion:visual:yes:3",4,2,0,2,2,1.5,1.73205080756888,0,4,-2,0,-2,-2,1,1.4142135623731,0,3
"lion","visual",4,"Does it have teeth?","yes","lion:visual:yes:4",8,1.875,0.353553390593274,1,2,1.125,1.1259916264596,0,3,-2,0,-2,-2,1.125,1.1259916264596,0,3
"lion","nonvisual",1,"Is it found in kitchens?","no","lion:nonvisual:no:1",5,-2,0,-2,-2,0.2,0.447213595499958,0,1,-2,0,-2,-2,0.2,0.447213595499958,0,1
"lion","nonvisual",2,"Does it eat cheese?","no","lion:nonvisual:no:2",5,-0.4,0.894427190999916,-1,1,1,1,0,2,-1,0.707106781186548,-2,0,1,1.22474487139159,0,3
"lion","nonvisual",3,"Does it waddle?","no","lion:nonvisual:no:3",4,-2,0,-2,-2,1.75,1.5,0,3,-1.5,0.577350269189626,-2,-1,0.75,0.957427107756338,0,2
"lion","nonvisual",4,"Does it lay eggs?","no","lion:nonvisual:no:4",4,-2,0,-2,-2,0.5,1,0,2,-1.75,0.5,-2,-1,1,1.15470053837925,0,2
"lion","visual",1,"Is it grey?","no","lion:visual:no:1",9,-1.33333333333333,0.866025403784439,-2,0,0.666666666666667,0.866025403784439,0,2,-1.44444444444444,0.726483157256779,-2,0,0.777777777777778,1.092906420717,0,3
"lion","visual",2,"Does it have long legs?","no","lion:visual:no:2",4,-0.75,1.5,-2,1,1.75,1.5,0,3,-1.25,0.957427107756338,-2,0,1,1.4142135623731,0,3
"lion","visual",3,"Does it have wings?","no","lion:visual:no:3",3,-2,0,-2,-2,1.33333333333333,2.3094010767585,0,4,-1.66666666666667,0.577350269189626,-2,-1,0,0,0,0
"lion","visual",4,"Is it yellow inside?","no","lion:visual:no:4",4,-2,0,-2,-2,1.25,1.89296944860009,0,4,-1.5,1,-2,0,1.25,1.25830573921179,0,3
"lion","visual",5,"Does it have a long neck?","no","lion:visual:no:5",6,-1.33333333333333,0.816496580927726,-2,0,2.16666666666667,0.983192080250175,1,4,-0.833333333333333,0.983192080250175,-2,0,1.33333333333333,1.03279555898864,0,3
"mouse","nonvisual",1,"Is it a rodent?","yes","mouse:nonvisual:yes:1",7,1.42857142857143,1.13389341902768,-1,2,1.14285714285714,1.21498579258791,0,3,-1.85714285714286,0.377964473009227,-2,-1,1.14285714285714,0.899735410842437,0,2
"mouse","nonvisual",2,"Is it an animal?","yes","mouse:nonvisual:yes:2",6,1.16666666666667,0.983192080250175,0,2,0.833333333333333,0.983192080250175,0,2,-1,1.26491106406735,-2,1,0.666666666666667,0.816496580927726,0,2
"mouse","nonvisual",3,"Does it eat?","yes","mouse:nonvisual:yes:3",6,1.5,0.836660026534076,0,2,1.33333333333333,1.50554530541816,0,4,-1.66666666666667,0.516397779494322,-2,-1,0.833333333333333,1.32916013582513,0,3
"mouse","nonvisual",4,"Is it used in experiments?","yes","mouse:nonvisual:yes:4",3,1.66666666666667,0.577350269189626,1,2,0.666666666666667,0.577350269189626,0,1,-1.33333333333333,0.577350269189626,-2,-1,2.66666666666667,0.577350269189626,2,3
"mouse","nonvisual",5,"Does it eat cheese?","yes","mouse:nonvisual:yes:5",4,1.75,0.5,1,2,0.75,0.957427107756338,0,2,-1.25,0.5,-2,-1,1.75,1.5,0,3
"mouse","visual",1,"Does it have a tail?","yes","mouse:visual:yes:1",5,1.6,0.547722557505166,1,2,1.6,0.547722557505166,1,2,-1.8,0.447213595499958,-2,-1,0.2,0.447213595499958,0,1
"mouse","visual",2,"Is it grey?","yes","mouse:visual:yes:2",8,0.5,0.534522483824849,0,1,2,1.4142135623731,0,4,-1.375,0.744023809142845,-2,0,1.75,1.38873014965883,0,4
"mouse","visual",3,"Does it have fur?","yes","mouse:visual:yes:3",7,1.42857142857143,1.13389341902768,-1,2,2.57142857142857,1.13389341902768,1,4,-1.57142857142857,1.13389341902768,-2,1,2.14285714285714,1.4638501094228,0,4
"mouse","visual",4,"Does it have whiskers?","yes","mouse:visual:yes:4",3,0.666666666666667,2.3094010767585,-2,2,1.33333333333333,1.15470053837925,0,2,-2,0,-2,-2,0.333333333333333,0.577350269189626,0,1
"mouse","nonvisual",1,"Is it a fruit?","no","mouse:nonvisual:no:1",4,-2,0,-2,-2,1,0.816496580927726,0,2,-2,0,-2,-2,0.25,0.5,0,1
"mouse","nonvisual",2,"Is it used for transportation?","no","mouse:nonvisual:no:2",4,-1.75,0.5,-2,-1,1.5,1.91485421551268,0,4,-1.5,1,-2,0,1,2,0,4
"mouse","nonvisual",3,"Does it live in zoos?","no","mouse:nonvisual:no:3",10,-0.6,1.07496769977314,-2,1,1.5,0.849836585598797,0,3,-1.1,0.737864787372622,-2,0,1.3,0.948683298050514,0,3
"mouse","nonvisual",4,"Does it live on water?","no","mouse:nonvisual:no:4",9,-1.88888888888889,0.333333333333333,-2,-1,1.66666666666667,1.58113883008419,0,4,-1.44444444444444,1.0137937550497,-2,1,1.77777777777778,1.56347191994114,0,4
"mouse","visual",1,"Does it have gears?","no","mouse:visual:no:1",6,-2,0,-2,-2,1,1.54919333848297,0,4,-2,0,-2,-2,0.333333333333333,0.516397779494322,0,1
"mouse","visual",2,"Is it large?","no","mouse:visual:no:2",8,-1.625,0.744023809142845,-2,0,0.75,1.03509833901353,0,2,-1.75,0.462910049886276,-2,-1,1.25,1.03509833901353,0,3
"mouse","visual",3,"Does it have stripes?","no","mouse:visual:no:3",5,-1.4,0.894427190999916,-2,0,2,1.58113883008419,0,4,-1,1,-2,0,1.4,1.67332005306815,0,4
"mouse","visual",4,"Does it have a white tail?","yes","mouse:visual:yes:4",6,0.166666666666667,0.752772652709081,-1,1,2,1.54919333848297,0,4,-1.5,0.836660026534076,-2,0,1,1.54919333848297,0,3
"penguin","nonvisual",1,"Is it a bird?","yes","penguin:nonvisual:yes:1",4,2,0,2,2,1.5,1.73205080756888,0,3,-1.5,0.577350269189626,-2,-1,2,0.816496580927726,1,3
"penguin","nonvisual",2,"Is it unable to fly?","yes","penguin:nonvisual:yes:2",6,1.5,0.547722557505166,1,2,1.83333333333333,1.72240142436851,0,4,-1.5,0.547722557505166,-2,-1,2.33333333333333,1.36626010212795,1,4
"penguin","nonvisual",3,"Does it live in the Arctic?","yes","penguin:nonvisual:yes:3",7,0.285714285714286,1.60356745147455,-2,2,1.57142857142857,1.51185789203691,0,4,-0.714285714285714,0.951189731211342,-2,0,2.28571428571429,1.49602648308619,0,4
"penguin","nonvisual",4,"Does it lay eggs?","yes","penguin:nonvisual:yes:4",5,1.4,0.894427190999916,0,2,1.4,0.894427190999916,0,2,-1,0.707106781186548,-2,0,1.8,1.09544511501033,0,3
"penguin","nonvisual",5,"Does it waddle?","yes","penguin:nonvisual:yes:5",4,1.5,0.577350269189626,1,2,1.75,1.70782512765993,0,4,-1.5,0.577350269189626,-2,-1,0,0,0,0
"penguin","visual",1,"Is it black?","yes","penguin:visual:yes:1",5,0.8,0.836660026534076,0,2,2,1.58113883008419,0,4,-1,1,-2,0,1.2,0.836660026534076,0,2
"penguin","visual",2,"Does it have a beak?","yes","penguin:visual:yes:2",5,1.6,0.547722557505166,1,2,2,1.4142135623731,0,3,-1.2,0.836660026534076,-2,0,0.6,0.547722557505166,0,1
"penguin","visual",3,"Does it have feet?","yes","penguin:visual:yes:3",4,1.75,0.5,1,2,2.25,1.5,1,4,-1.75,0.5,-2,-1,1.75,2.06155281280883,0,4
"penguin","visual",4,"Does it have wings?","yes","penguin:visual:yes:4",4,1.75,0.5,1,2,2.5,1.29099444873581,1,4,-1.25,0.957427107756338,-2,0,1.75,1.70782512765993,0,4
"penguin","nonvisual",1,"Is it like a horse?","no","penguin:nonvisual:no:1",4,-2,0,-2,-2,1.75,1.5,1,4,-2,0,-2,-2,0.75,0.957427107756338,0,2
"penguin","nonvisual",2,"Is it breakable?","no","penguin:nonvisual:no:2",5,-1,1.22474487139159,-2,1,1.4,1.14017542509914,0,3,-1.6,0.894427190999916,-2,0,0.6,0.894427190999916,0,2
"penguin","nonvisual",3,"Is it an herbivore?","no","penguin:nonvisual:no:3",6,-0.5,1.7606816861659,-2,2,2.66666666666667,1.03279555898864,1,4,-0.166666666666667,1.32916013582513,-2,1,2.33333333333333,1.63299316185545,0,4
"penguin","nonvisual",4,"Does it like mud?","no","penguin:nonvisual:no:4",6,-1.33333333333333,0.516397779494322,-2,-1,2.16666666666667,1.16904519445001,1,4,-1,1.09544511501033,-2,1,1.16666666666667,0.752772652709081,0,2
"penguin","nonvisual",5,"Does it eat grain?","no","penguin:nonvisual:no:5",5,-1.8,0.447213595499958,-2,-1,0.6,0.547722557505166,0,1,-1.4,0.547722557505166,-2,-1,2,1.4142135623731,0,4
"penguin","visual",1,"Is it red?","no","penguin:visual:no:1",7,-2,0,-2,-2,1.28571428571429,1.11269728052837,0,3,-1.85714285714286,0.377964473009227,-2,-1,0.571428571428571,0.786795792469443,0,2
"penguin","visual",2,"Does it have a tail?","no","penguin:visual:no:2",6,-0.166666666666667,1.32916013582513,-2,2,2.5,1.37840487520902,0,4,-0.333333333333333,1.36626010212795,-2,1,2,1.4142135623731,0,4
"penguin","visual",3,"Does it have four legs?","no","penguin:visual:no:3",5,-1.4,1.34164078649987,-2,1,2.2,1.6431676725155,0,4,-1.2,0.836660026534076,-2,0,1.4,0.547722557505166,1,2
"penguin","visual",4,"Is it long?","no","penguin:visual:no:4",2,-1,1.4142135623731,-2,0,1,1.4142135623731,0,2,-1.5,0.707106781186548,-2,-1,1.5,0.707106781186548,1,2
"pig","nonvisual",1,"Is it an animal?","yes","pig:nonvisual:yes:1",8,2,0,2,2,1,0.925820099772551,0,2,-1.75,0.462910049886276,-2,-1,0.375,0.744023809142845,0,2
"pig","nonvisual",2,"Does it live on farms?","yes","pig:nonvisual:yes:2",6,1.5,0.547722557505166,1,2,1.16666666666667,0.983192080250175,0,3,-1.66666666666667,0.516397779494322,-2,-1,0.833333333333333,0.752772652709081,0,2
"pig","nonvisual",3,"Is it eaten as bacon?","yes","pig:nonvisual:yes:3",5,1.2,1.78885438199983,-2,2,1.2,1.6431676725155,0,3,-2,0,-2,-2,2.2,1.48323969741913,0,4
"pig","nonvisual",4,"Is it smelly?","yes","pig:nonvisual:yes:4",6,0.666666666666667,0.516397779494322,0,1,1,0.894427190999916,0,2,-1.83333333333333,0.408248290463863,-2,-1,0.333333333333333,0.516397779494322,0,1
"pig","nonvisual",5,"Does it like mud?","yes","pig:nonvisual:yes:5",3,2,0,2,2,2.66666666666667,2.3094010767585,0,4,-1.66666666666667,0.577350269189626,-2,-1,1.66666666666667,2.08166599946613,0,4
"pig","visual",1,"Is it pink?","yes","pig:visual:yes:1",7,0.857142857142857,0.899735410842437,0,2,1.71428571428571,0.951189731211342,0,3,-1.28571428571429,0.951189731211342,-2,0,0.571428571428571,1.13389341902768,0,3
"pig","visual",2,"Does it have a tail?","yes","pig:visual:yes:2",6,1.66666666666667,0.816496580927726,0,2,2.66666666666667,1.211060141639,1,4,-1.16666666666667,1.16904519445001,-2,1,0.333333333333333,0.516397779494322,0,1
"pig","visual",3,"Does it have a snout?","yes","pig:visual:yes:3",4,2,0,2,2,2.75,0.957427107756338,2,4,-1.75,0.5,-2,-1,1.25,0.5,1,2
"pig","visual",4,"Does it have legs?","yes","pig:visual:yes:4",4,1.75,0.5,1,2,1.25,0.5,1,2,-1.75,0.5,-2,-1,2,1.82574185835055,0,4
"pig","visual",5,"Is it muddy?","yes","pig:visual:yes:5",6,0.5,0.547722557505166,0,1,1.5,1.04880884817015,0,3,-1.16666666666667,1.16904519445001,-2,1,1.33333333333333,1.211060141639,0,3
"pig","nonvisual",1,"Is it tropical?","no","pig:nonvisual:no:1",9,-1.33333333333333,0.707106781186548,-2,0,0.555555555555556,0.726483157256779,0,2,-1.33333333333333,0.866025403784439,-2,0,1,1.4142135623731,0,4
"pig","nonvisual",2,"Is it a bird?","no","pig:nonvisual:no:2",5,-2,0,-2,-2,1.8,1.48323969741913,0,4,-1.8,0.447213595499958,-2,-1,0.6,0.894427190999916,0,2
"pig","nonvisual",3,"Does it live in India?","no","pig:nonvisual:no:3",5,-0.2,0.836660026534076,-1,1,1,1,0,2,-0.2,0.836660026534076,-1,1,1.4,1.14017542509914,0,3
"pig","nonvisual",4,"Does it grow on trees?","no","pig:nonvisual:no:4",6,-1.33333333333333,1.63299316185545,-2,2,1.33333333333333,1.75119007154183,0,4,-1.83333333333333,0.408248290463863,-2,-1,0.333333333333333,0.516397779494322,0,1
"pig","nonvisual",5,"Does it grow in Hawaii?","no","pig:nonvisual:no:5",5,-0.2,2.04939015319192,-2,2,1,1.4142135623731,0,3,-1.4,1.34164078649987,-2,1,1.8,1.48323969741913,0,4
"pig","visual",1,"Is it made of glass?","no","pig:visual:no:1",4,-1.25,0.957427107756338,-2,0,1.25,1.25830573921179,0,3,-1.25,0.957427107756338,-2,0,0.5,0.577350269189626,0,1
"pig","visual",2,"Does it have wings?","no","pig:visual:no:2",6,-2,0,-2,-2,1.5,1.51657508881031,0,4,-2,0,-2,-2,0.5,0.836660026534076,0,2
"pig","visual",3,"Does it have whiskers?","no","pig:visual:no:3",4,-1,1.15470053837925,-2,0,2.75,1.89296944860009,0,4,-1.5,1,-2,0,1.5,1.73205080756888,0,4
"pig","visual",4,"Does it have feathers?","no","pig:visual:no:4",4,-2,0,-2,-2,0.5,1,0,2,-2,0,-2,-2,1.25,1.89296944860009,0,4
"pig","visual",5,"Does it have fur?","no","pig:visual:no:5",4,-0.25,2.06155281280883,-2,2,1.75,1.70782512765993,0,4,-1.5,1,-2,0,1.25,1.89296944860009,0,4
"pineapple","nonvisual",1,"Is it juicy?","yes","pineapple:nonvisual:yes:1",4,1.25,0.5,1,2,2.25,1.70782512765993,0,4,-1.25,0.5,-2,-1,0.5,1,0,2
"pineapple","nonvisual",2,"Is it tropical?","yes","pineapple:nonvisual:yes:2",6,1.83333333333333,0.408248290463863,1,2,1.33333333333333,2.06559111797729,0,4,-1.66666666666667,0.516397779494322,-2,-1,1.66666666666667,1.36626010212795,0,4
"pineapple","nonvisual",3,"Does it grow on trees?","yes","pineapple:nonvisual:yes:3",4,0.5,1.29099444873581,-1,2,1.25,1.25830573921179,0,3,-1.25,0.5,-2,-1,2.25,1.70782512765993,0,4
"pineapple","nonvisual",4,"Does it grow in Hawaii?","yes","pineapple:nonvisual:yes:4",6,1.83333333333333,0.408248290463863,1,2,1.5,1.37840487520902,0,3,-1.66666666666667,0.516397779494322,-2,-1,1.16666666666667,0.983192080250175,0,2
"pineapple","nonvisual",5,"Is it prickly?","yes","pineapple:nonvisual:yes:5",4,0.5,1.73205080756888,-2,2,1.25,0.957427107756338,0,2,-1.75,0.5,-2,-1,0.5,0.577350269189626,0,1
"pineapple","visual",2,"Does it have an inside?","yes","pineapple:visual:yes:2",4,0.75,1.5,-1,2,1,1.15470053837925,0,2,-1.5,0.577350269189626,-2,-1,0.75,0.957427107756338,0,2
"pineapple","visual",3,"Does it have skin?","yes","pineapple:visual:yes:3",8,1.375,0.916125381312904,0,2,2,1.19522860933439,0,4,-0.875,0.991031208965115,-2,0,0.75,1.16496474502144,0,3
"pineapple","visual",4,"Is it yellow inside?","yes","pineapple:visual:yes:4",4,1.75,0.5,1,2,1.75,0.957427107756338,1,3,-1.75,0.5,-2,-1,0,0,0,0
"pineapple","visual",5,"Does it have a core?","yes","pineapple:visual:yes:5",2,1.5,0.707106781186548,1,2,1.5,0.707106781186548,1,2,0,1.4142135623731,-1,1,2,1.4142135623731,1,3
"pineapple","nonvisual",1,"Is it an animal?","no","pineapple:nonvisual:no:1",6,-2,0,-2,-2,1.33333333333333,1.75119007154183,0,4,-1.83333333333333,0.408248290463863,-2,-1,0.333333333333333,0.816496580927726,0,2
"pineapple","nonvisual",2,"Is it clothing?","no","pineapple:nonvisual:no:2",3,-2,0,-2,-2,1,1,0,2,-2,0,-2,-2,1,1.73205080756888,0,3
"pineapple","nonvisual",3,"Is it a carnivore?","no","pineapple:nonvisual:no:3",4,-2,0,-2,-2,1.25,1.89296944860009,0,4,-1.75,0.5,-2,-1,0.25,0.5,0,1
"pineapple","nonvisual",4,"Is it used for racing?","no","pineapple:nonvisual:no:4",3,-2,0,-2,-2,2,1.73205080756888,0,3,-2,0,-2,-2,0.666666666666667,0.577350269189626,0,1
"pineapple","nonvisual",5,"Is it a pet?","no","pineapple:nonvisual:no:5",7,-1.42857142857143,0.975900072948533,-2,0,1.42857142857143,1.90237946242268,0,4,-1.71428571428571,0.755928946018454,-2,0,0.857142857142857,1.57359158493889,0,4
"pineapple","visual",1,"Does it have legs?","no","pineapple:visual:no:1",4,-2,0,-2,-2,1,1.4142135623731,0,3,-1.5,1,-2,0,0.25,0.5,0,1
"pineapple","visual",2,"Does it have a seat?","no","pineapple:visual:no:2",5,-1.8,0.447213595499958,-2,-1,1.4,1.14017542509914,0,3,-1.8,0.447213595499958,-2,-1,1.2,1.6431676725155,0,3
"pineapple","visual",3,"Does it have whiskers?","no","pineapple:visual:no:3",6,-2,0,-2,-2,1.5,1.6431676725155,0,4,-1.66666666666667,0.516397779494322,-2,-1,0.666666666666667,1.63299316185545,0,4
"pineapple","visual",4,"Does it have legs?","no","pineapple:visual:no:4",4,-2,0,-2,-2,0,0,0,0,-2,0,-2,-2,0,0,0,0
"pineapple","visual",5,"Does it have a tail?","no","pineapple:visual:no:5",4,-2,0,-2,-2,1.25,0.957427107756338,0,2,-2,0,-2,-2,0.25,0.5,0,1
"rabbit","nonvisual",1,"Does it hop?","yes","rabbit:nonvisual:yes:1",5,2,0,2,2,2,1.58113883008419,0,4,-1.8,0.447213595499958,-2,-1,1,1.22474487139159,0,3
"rabbit","nonvisual",2,"Is it a pet?","yes","rabbit:nonvisual:yes:2",5,0.2,0.447213595499958,0,1,1.2,1.30384048104053,0,3,-1.8,0.447213595499958,-2,-1,0.2,0.447213595499958,0,1
"rabbit","nonvisual",3,"Is it edible?","yes","rabbit:nonvisual:yes:3",5,1.4,0.894427190999916,0,2,0.2,0.447213595499958,0,1,-1.4,0.547722557505166,-2,-1,0.8,1.30384048104053,0,3
"rabbit","nonvisual",4,"Is it hunted by people?","yes","rabbit:nonvisual:yes:4",4,0.5,1.29099444873581,-1,2,1.5,1.29099444873581,0,3,-0.75,1.25830573921179,-2,1,1,1.15470053837925,0,2
"rabbit","nonvisual",5,"Does it eat carrots?","yes","rabbit:nonvisual:yes:5",7,1.85714285714286,0.377964473009227,1,2,1.85714285714286,1.4638501094228,0,4,-1.57142857142857,0.786795792469443,-2,0,2.14285714285714,1.3451854182691,1,4
"rabbit","visual",1,"Does it have ears?","yes","rabbit:visual:yes:1",4,2,0,2,2,2,1.63299316185545,0,4,-1.75,0.5,-2,-1,0.5,1,0,2
"rabbit","visual",2,"Does it have feet?","yes","rabbit:visual:yes:2",6,2,0,2,2,1.66666666666667,1.50554530541816,0,4,-1.66666666666667,0.516397779494322,-2,-1,0.5,0.547722557505166,0,1
"rabbit","visual",3,"Does it have whiskers?","yes","rabbit:visual:yes:3",6,1,1.67332005306815,-2,2,2.33333333333333,1.03279555898864,1,3,-0.833333333333333,1.16904519445001,-2,1,0.166666666666667,0.408248290463863,0,1
"rabbit","visual",4,"Does it have a tail?","yes","rabbit:visual:yes:4",8,1.625,0.517549169506766,1,2,1.625,1.40788595317336,0,4,-1.625,0.517549169506766,-2,-1,0.875,0.640869944461656,0,2
"rabbit","nonvisual",1,"Does it live in zoos?","no","rabbit:nonvisual:no:1",9,-0.666666666666667,0.866025403784439,-2,1,1.22222222222222,1.20185042515466,0,3,-0.666666666666667,1.11803398874989,-2,1,1.22222222222222,1.48136573621926,0,4
"rabbit","nonvisual",2,"Does it make noises?","yes","rabbit:nonvisual:yes:2",6,1.16666666666667,1.16904519445001,-1,2,1,0.894427190999916,0,2,-0.833333333333333,1.16904519445001,-2,1,1.83333333333333,1.72240142436851,0,4
"rabbit","nonvisual",3,"Does it roar?","no","rabbit:nonvisual:no:3",6,-1.5,1.22474487139159,-2,1,1.16666666666667,1.60208197875972,0,4,-1.5,1.22474487139159,-2,1,0.833333333333333,1.32916013582513,0,3
"rabbit","nonvisual",4,"Is it used for making jam?","no","rabbit:nonvisual:no:4",4,-1.75,0.5,-2,-1,0.5,0.577350269189626,0,1,-1.75,0.5,-2,-1,1,1.4142135623731,0,3
"rabbit","nonvisual",5,"Is it a fruit?","no","rabbit:nonvisual:no:5",5,-2,0,-2,-2,0.4,0.547722557505166,0,1,-2,0,-2,-2,1,1.73205080756888,0,4
"rabbit","visual",1,"Does it have spots?","no","rabbit:visual:no:1",4,-0.5,1,-2,0,2,0.816496580927726,1,3,-1.75,0.5,-2,-1,1.25,0.5,1,2
"rabbit","visual",2,"Is it made of metal?","no","rabbit:visual:no:2",4,-2,0,-2,-2,1.25,0.957427107756338,0,2,-1.5,0.577350269189626,-2,-1,0.75,0.957427107756338,0,2
"rabbit","visual",3,"Does it have a seat?","no","rabbit:visual:no:3",5,-1.4,1.34164078649987,-2,1,0.2,0.447213595499958,0,1,-2,0,-2,-2,0,0,0,0
"rabbit","visual",4,"Is it flat?","no","rabbit:visual:no:4",6,-2,0,-2,-2,0.666666666666667,0.816496580927726,0,2,-1.66666666666667,0.516397779494322,-2,-1,0.5,0.836660026534076,0,2
"raccoon","nonvisual",1,"Does it eat garbage?","yes","raccoon:nonvisual:yes:1",5,1.4,0.547722557505166,1,2,1,1.73205080756888,0,4,-2,0,-2,-2,1,1.73205080756888,0,4
"raccoon","nonvisual",2,"Is it furry?","yes","raccoon:nonvisual:yes:2",5,1.6,0.547722557505166,1,2,1.8,0.836660026534076,1,3,-1.6,0.894427190999916,-2,0,1.6,1.14017542509914,0,3
"raccoon","nonvisual",3,"Is it nocturnal?","yes","raccoon:nonvisual:yes:3",5,1.2,1.09544511501033,0,2,1.6,1.34164078649987,0,3,-0.8,1.30384048104053,-2,1,2,1.4142135623731,0,4
"raccoon","nonvisual",4,"Does it produce offspring?","yes","raccoon:nonvisual:yes:4",4,1.5,1,0,2,1,1.4142135623731,0,3,-1.75,0.5,-2,-1,0.75,1.5,0,3
"raccoon","visual",1,"Is it black?","no","raccoon:visual:no:1",4,-0.5,1.29099444873581,-2,1,1.75,1.25830573921179,0,3,-0.5,1.29099444873581,-2,1,1.25,0.957427107756338,0,2
"raccoon","visual",2,"Does it have a tail?","yes","raccoon:visual:yes:2",5,2,0,2,2,1.2,1.09544511501033,0,3,-1.8,0.447213595499958,-2,-1,0.4,0.894427190999916,0,2
"raccoon","visual",3,"Does it have eyes?","yes","raccoon:visual:yes:3",5,2,0,2,2,1.2,1.30384048104053,0,3,-1.8,0.447213595499958,-2,-1,0.8,1.30384048104053,0,3
"raccoon","visual",4,"Does it have stripes?","yes","raccoon:visual:yes:4",6,0.166666666666667,1.47196014438797,-2,2,1.66666666666667,1.36626010212795,0,4,-0.666666666666667,1.211060141639,-2,1,1,0.894427190999916,0,2
"raccoon","visual",5,"Does it have a mask?","yes","raccoon:visual:yes:5",5,1.2,0.447213595499958,1,2,2.4,1.14017542509914,1,4,-1,0.707106781186548,-2,0,2.2,1.30384048104053,1,4
"raccoon","nonvisual",1,"Does it hop?","no","raccoon:nonvisual:no:1",5,-0.4,0.894427190999916,-1,1,1.6,1.14017542509914,0,3,-0.6,1.14017542509914,-2,1,1.4,1.67332005306815,0,4
"raccoon","nonvisual",2,"Is it used for protection?","no","raccoon:nonvisual:no:2",4,-1.75,0.5,-2,-1,1,2,0,4,-1.5,0.577350269189626,-2,-1,0.5,0.577350269189626,0,1
"raccoon","nonvisual",3,"Is it used for holding beer?","no","raccoon:nonvisual:no:3",4,-2,0,-2,-2,1.25,0.957427107756338,0,2,-1.75,0.5,-2,-1,0.75,0.957427107756338,0,2
"raccoon","visual",1,"Does it have a mane?","no","raccoon:visual:no:1",5,-1.6,0.547722557505166,-2,-1,2.2,0.836660026534076,1,3,-1.2,1.09544511501033,-2,0,1.4,1.34164078649987,0,3
"raccoon","visual",2,"Does it have seeds?","no","raccoon:visual:no:2",5,-2,0,-2,-2,1.2,0.836660026534076,0,2,-1.6,0.894427190999916,-2,0,0.8,1.09544511501033,0,2
"raccoon","visual",3,"Does it have green leaves?","no","raccoon:visual:no:3",6,-2,0,-2,-2,0,0,0,0,-2,0,-2,-2,0.5,1.22474487139159,0,3
"raccoon","visual",4,"Does it have a long neck?","no","raccoon:visual:no:4",5,-1.8,0.447213595499958,-2,-1,2.2,1.30384048104053,1,4,-1,0.707106781186548,-2,0,1.4,1.14017542509914,0,3
"raccoon","visual",5,"Does it have a beak?","no","raccoon:visual:no:5",9,-2,0,-2,-2,0.666666666666667,0.866025403784439,0,2,-1.77777777777778,0.440958551844099,-2,-1,0.333333333333333,0.707106781186548,0,2
"strawberry","nonvisual",1,"Is it a fruit?","yes","strawberry:nonvisual:yes:1",2,2,0,2,2,1,1.4142135623731,0,2,-1.5,0.707106781186548,-2,-1,3,0,3,3
"strawberry","nonvisual",2,"Does it taste sweet?","yes","strawberry:nonvisual:yes:2",5,1.4,0.547722557505166,1,2,1.2,1.09544511501033,0,3,-1.6,0.547722557505166,-2,-1,1.6,1.14017542509914,0,3
"strawberry","nonvisual",3,"Is it used for making jam?","yes","strawberry:nonvisual:yes:3",7,1.71428571428571,0.487950036474266,1,2,2.42857142857143,1.39727626201154,0,4,-1.71428571428571,0.487950036474266,-2,-1,2,1.63299316185545,0,4
"strawberry","nonvisual",4,"Does it taste good?","yes","strawberry:nonvisual:yes:4",6,1,0.894427190999916,0,2,2.33333333333333,1.86189867250253,0,4,-1.16666666666667,0.752772652709081,-2,0,2.16666666666667,1.16904519445001,1,4
"strawberry","visual",1,"Is it red?","yes","strawberry:visual:yes:1",3,1.66666666666667,0.577350269189626,1,2,1.66666666666667,0.577350269189626,1,2,-1.33333333333333,0.577350269189626,-2,-1,0,0,0,0
"strawberry","visual",2,"Does it have seeds?","yes","strawberry:visual:yes:2",7,1.71428571428571,0.755928946018454,0,2,1,1.52752523165195,0,4,-1.57142857142857,0.786795792469443,-2,0,0.857142857142857,1.21498579258791,0,3
"strawberry","visual",3,"Does it have green leaves?","yes","strawberry:visual:yes:3",3,2,0,2,2,2,1,1,3,-1.66666666666667,0.577350269189626,-2,-1,0,0,0,0
"strawberry","visual",4,"Is it small?","yes","strawberry:visual:yes:4",5,1.6,0.547722557505166,1,2,1.6,1.51657508881031,0,3,-1.4,0.894427190999916,-2,0,0.8,0.836660026534076,0,2
"strawberry","nonvisual",1,"Is is used for riding?","no","strawberry:nonvisual:no:1",5,-2,0,-2,-2,1.4,1.34164078649987,0,3,-1.6,0.894427190999916,-2,0,1.4,1.94935886896179,0,4
"strawberry","nonvisual",2,"Is it an insect?","no","strawberry:nonvisual:no:2",5,-2,0,-2,-2,1.4,1.67332005306815,0,4,-1.8,0.447213595499958,-2,-1,1.8,1.48323969741913,0,4
"strawberry","nonvisual",3,"Is it furniture?","no","strawberry:nonvisual:no:3",5,-2,0,-2,-2,0.4,0.894427190999916,0,2,-1.8,0.447213595499958,-2,-1,0.4,0.894427190999916,0,2
"strawberry","nonvisual",4,"Does it eat?","no","strawberry:nonvisual:no:4",4,-0.75,1.5,-2,1,1.75,1.70782512765993,0,4,-2,0,-2,-2,0.25,0.5,0,1
"strawberry","visual",1,"Does it have four legs?","no","strawberry:visual:no:1",5,-2,0,-2,-2,0.4,0.894427190999916,0,2,-1.2,1.78885438199983,-2,2,0,0,0,0
"strawberry","visual",2,"Does it have a tail?","no","strawberry:visual:no:2",4,-1.75,0.5,-2,-1,2.75,1.5,1,4,-1.5,1,-2,0,0.75,0.957427107756338,0,2
"strawberry","visual",3,"Does it have a mane?","no","strawberry:visual:no:3",7,-2,0,-2,-2,0.285714285714286,0.487950036474267,0,1,-1.85714285714286,0.377964473009227,-2,-1,0,0,0,0
"strawberry","visual",4,"Does it have ears?","no","strawberry:visual:no:4",10,-1.6,1.26491106406735,-2,2,1.3,1.70293863659264,0,4,-1.8,0.421637021355784,-2,-1,0.9,1.3703203194063,0,4
"swan","nonvisual",1,"Is it graceful?","yes","swan:nonvisual:yes:1",7,1.71428571428571,0.487950036474266,1,2,1.57142857142857,1.51185789203691,0,4,-1.85714285714286,0.377964473009227,-2,-1,0.571428571428571,0.786795792469443,0,2
"swan","nonvisual",2,"Is it a bird?","yes","swan:nonvisual:yes:2",4,2,0,2,2,1.75,1.70782512765993,0,4,-1.25,0.5,-2,-1,1,1.15470053837925,0,2
"swan","nonvisual",3,"Does it live on water?","yes","swan:nonvisual:yes:3",6,1,1.67332005306815,-2,2,1.66666666666667,1.63299316185545,0,4,-1.33333333333333,1.03279555898864,-2,0,1.66666666666667,1.50554530541816,0,4
"swan","nonvisual",4,"Does it lay eggs?","yes","swan:nonvisual:yes:4",6,1,1.09544511501033,-1,2,1.66666666666667,1.36626010212795,0,3,-1,0.894427190999916,-2,0,1.33333333333333,1.211060141639,0,3
"swan","visual",1,"Does it have a long neck?","yes","swan:visual:yes:1",4,1.75,0.5,1,2,2,1.82574185835055,0,4,-2,0,-2,-2,1.5,1.29099444873581,0,3
"swan","visual",2,"Does it have a beak?","yes","swan:visual:yes:2",4,2,0,2,2,3.25,0.957427107756338,2,4,-1.75,0.5,-2,-1,1.5,1.91485421551268,0,4
"swan","visual",3,"Does it have feathers?","yes","swan:visual:yes:3",6,2,0,2,2,1,0.894427190999916,0,2,-1.83333333333333,0.408248290463863,-2,-1,0.333333333333333,0.516397779494322,0,1
"swan","visual",4,"Does it have wings?","yes","swan:visual:yes:4",6,1.5,1.22474487139159,-1,2,2,1.67332005306815,0,4,-1.33333333333333,0.816496580927726,-2,0,1.83333333333333,1.32916013582513,0,4
"swan","nonvisual",1,"Is it used by riding?","no","swan:nonvisual:no:1",7,-1.85714285714286,0.377964473009227,-2,-1,1.14285714285714,1.3451854182691,0,3,-1.28571428571429,0.755928946018455,-2,0,1.28571428571429,1.60356745147455,0,4
"swan","nonvisual",2,"Does it grow on trees?","no","swan:nonvisual:no:2",5,-2,0,-2,-2,1.4,1.14017542509914,0,3,-1.8,0.447213595499958,-2,-1,1.4,1.67332005306815,0,4
"swan","nonvisual",3,"Is it found in dining rooms?","no","swan:nonvisual:no:3",7,-1.57142857142857,0.786795792469443,-2,0,0.571428571428571,0.975900072948533,0,2,-1.42857142857143,0.786795792469443,-2,0,1,1.52752523165195,0,4
"swan","nonvisual",4,"Does it travel in herds?","no","swan:nonvisual:no:4",4,-0.25,0.957427107756338,-1,1,0.75,0.957427107756338,0,2,-0.25,0.5,-1,0,1,0.816496580927726,0,2
"swan","visual",1,"Does it have a hump?","no","swan:visual:no:1",5,-2,0,-2,-2,1.8,1.78885438199983,0,4,-1.6,0.547722557505166,-2,-1,0.6,1.34164078649987,0,3
"swan","visual",2,"Does it have a tail?","no","swan:visual:no:2",6,-0.666666666666667,1.211060141639,-2,1,3.16666666666667,1.16904519445001,1,4,-0.5,1.04880884817015,-2,1,1.83333333333333,1.72240142436851,0,4
"swan","visual",3,"Does it have four legs?","no","swan:visual:no:3",6,-1.83333333333333,0.408248290463863,-2,-1,2.5,1.51657508881031,0,4,-1.66666666666667,0.516397779494322,-2,-1,2.16666666666667,1.60208197875972,0,4
"swan","visual",4,"Is it made of wood?","no","swan:visual:no:4",8,-1.75,0.707106781186548,-2,0,0.375,0.744023809142845,0,2,-1.875,0.353553390593274,-2,-1,0.125,0.353553390593274,0,1
"table","nonvisual",1,"Is it used for eating on?","yes","table:nonvisual:yes:1",2,1,0,1,1,2,2.82842712474619,0,4,-2,0,-2,-2,0,0,0,0
"table","nonvisual",2,"Is it found in kitchens?","yes","table:nonvisual:yes:2",4,1,0.816496580927726,0,2,1.5,1.29099444873581,0,3,-1.5,0.577350269189626,-2,-1,0.25,0.5,0,1
"table","nonvisual",3,"Is it found in dining rooms?","yes","table:nonvisual:yes:3",7,1.42857142857143,0.534522483824849,1,2,1.57142857142857,1.81265393434993,0,4,-1.85714285714286,0.377964473009227,-2,-1,0.285714285714286,0.487950036474267,0,1
"table","nonvisual",4,"Is it furniture?","yes","table:nonvisual:yes:4",4,1.75,0.5,1,2,1,0.816496580927726,0,2,-1.5,1,-2,0,0.5,1,0,2
"table","visual",1,"Is it made of wood?","yes","table:visual:yes:1",4,0.75,0.5,0,1,2,1.82574185835055,0,4,-1,1.4142135623731,-2,1,2,1.82574185835055,0,4
"table","visual",2,"Is it round?","no","table:visual:no:2",6,-0.166666666666667,0.408248290463863,-1,0,1.83333333333333,1.16904519445001,0,3,-1.66666666666667,0.516397779494322,-2,-1,0.833333333333333,0.983192080250175,0,2
"table","visual",3,"Does it have legs?","yes","table:visual:yes:3",4,1.25,0.957427107756338,0,2,1.25,1.25830573921179,0,3,-0.75,1.5,-2,1,1.5,1.73205080756888,0,4
"table","visual",4,"Is it flat?","yes","table:visual:yes:4",7,1.42857142857143,1.13389341902768,-1,2,2.14285714285714,1.3451854182691,1,4,-1.28571428571429,0.755928946018455,-2,0,1.71428571428571,1.49602648308619,0,4
"table","nonvisual",1,"Is it an animal?","no","table:nonvisual:no:1",4,-2,0,-2,-2,0,0,0,0,-2,0,-2,-2,0,0,0,0
"table","nonvisual",2,"Is it a mammal?","no","table:nonvisual:no:2",3,-1.33333333333333,1.15470053837925,-2,0,1.33333333333333,1.15470053837925,0,2,-1,1,-2,0,1.33333333333333,1.15470053837925,0,2
"table","nonvisual",3,"Is it healthy?","no","table:nonvisual:no:3",5,-1.8,0.447213595499958,-2,-1,1.4,1.94935886896179,0,4,-1.8,0.447213595499958,-2,-1,0.4,0.894427190999916,0,2
"table","nonvisual",4,"Does it grow in Hawaii?","no","table:nonvisual:no:4",5,-2,0,-2,-2,0.6,0.894427190999916,0,2,-2,0,-2,-2,0.4,0.894427190999916,0,2
"table","visual",1,"Does it have a neck?","no","table:visual:no:1",5,-1.4,0.894427190999916,-2,0,0.6,0.894427190999916,0,2,-1.4,0.894427190999916,-2,0,0.6,0.894427190999916,0,2
"table","visual",2,"Does it have a nose?","no","table:visual:no:2",4,-2,0,-2,-2,1.25,1.89296944860009,0,4,-2,0,-2,-2,0,0,0,0
"table","visual",3,"Does it have a tail?","no","table:visual:no:3",3,-2,0,-2,-2,0.333333333333333,0.577350269189626,0,1,-2,0,-2,-2,0,0,0,0
"table","visual",4,"Does it have a skin?","no","table:visual:no:4",5,-1.6,0.894427190999916,-2,0,0.6,0.894427190999916,0,2,-1.4,0.894427190999916,-2,0,0.4,0.894427190999916,0,2
"tiger","nonvisual",1,"Is it a carnivore?","yes","tiger:nonvisual:yes:1",4,1,1.15470053837925,0,2,1.5,1,1,3,-0.75,1.5,-2,1,2.25,1.5,1,4
"tiger","nonvisual",2,"Is it an animal?","yes","tiger:nonvisual:yes:2",5,2,0,2,2,1,1.73205080756888,0,4,-2,0,-2,-2,1,1.73205080756888,0,4
"tiger","nonvisual",4,"Does it live in zoos?","yes","tiger:nonvisual:yes:4",4,1,1.15470053837925,0,2,1.5,1.91485421551268,0,4,-1.75,0.5,-2,-1,1.75,1.70782512765993,0,4
"tiger","nonvisual",5,"Does it live in India?","yes","tiger:nonvisual:yes:5",4,0.75,0.957427107756338,0,2,0.75,0.957427107756338,0,2,-1,0.816496580927726,-2,0,1.5,0.577350269189626,1,2
"tiger","visual",1,"Does it have stripes?","yes","tiger:visual:yes:1",4,1.75,0.5,1,2,1,1.4142135623731,0,3,-1.75,0.5,-2,-1,0.75,0.957427107756338,0,2
"tiger","visual",2,"Does it have teeth?","yes","tiger:visual:yes:2",4,1.5,1,0,2,2.25,2.06155281280883,0,4,-1.25,1.5,-2,1,0.5,1,0,2
"tiger","visual",3,"Is it orange?","yes","tiger:visual:yes:3",7,0.714285714285714,0.755928946018454,0,2,1.57142857142857,1.2724180205607,0,4,-1.57142857142857,0.786795792469443,-2,0,1.57142857142857,1.2724180205607,0,3
"tiger","visual",4,"Does it have whiskers?","yes","tiger:visual:yes:4",7,1.28571428571429,1.49602648308619,-2,2,2,1.63299316185545,0,4,-1.42857142857143,0.786795792469443,-2,0,0.857142857142857,1.21498579258791,0,3
"tiger","visual",5,"Does it have large teeth?","yes","tiger:visual:yes:5",6,1,0.632455532033676,0,2,2,1.4142135623731,0,4,-1.5,0.547722557505166,-2,-1,1.5,1.37840487520902,0,4
"tiger","nonvisual",1,"Is it used for sitting on?","no","tiger:nonvisual:no:1",4,-2,0,-2,-2,1.5,1.29099444873581,0,3,-1.75,0.5,-2,-1,0.25,0.5,0,1
"tiger","nonvisual",2,"Does it taste sweet?","no","tiger:nonvisual:no:2",5,-1.8,0.447213595499958,-2,-1,0.6,0.547722557505166,0,1,-1.4,1.34164078649987,-2,1,0.4,0.894427190999916,0,2
"tiger","nonvisual",3,"Does it grow underground?","no","tiger:nonvisual:no:3",3,-1.33333333333333,1.15470053837925,-2,0,1.66666666666667,0.577350269189626,1,2,-1,1.73205080756888,-2,1,1.66666666666667,1.52752523165195,0,3
"tiger","nonvisual",4,"Is it worn in winter?","no","tiger:nonvisual:no:4",4,-1.5,1,-2,0,1,0.816496580927726,0,2,-1,1.4142135623731,-2,1,0.5,1,0,2
"tiger","nonvisual",5,"Is it used for relaxing?","no","tiger:nonvisual:no:5",6,-1.5,0.836660026534076,-2,0,0.333333333333333,0.516397779494322,0,1,-1.83333333333333,0.408248290463863,-2,-1,0.333333333333333,0.816496580927726,0,2
"tiger","visual",1,"Is it black?","no","tiger:visual:no:1",5,-1.4,0.547722557505166,-2,-1,2.4,1.81659021245849,0,4,-1,1.22474487139159,-2,1,1.4,0.894427190999916,0,2
"tiger","visual",2,"Is it brown?","no","tiger:visual:no:2",7,-1.14285714285714,1.0690449676497,-2,0,2.28571428571429,0.951189731211342,1,4,-1.42857142857143,0.534522483824849,-2,-1,1.71428571428571,1.49602648308619,0,4
"tiger","visual",3,"Does it have large ears?","no","tiger:visual:no:3",5,-0.4,0.894427190999916,-1,1,1.8,1.09544511501033,0,3,-0.2,1.09544511501033,-1,1,1,1.22474487139159,0,3
"tiger","visual",4,"Is it yellow inside?","no","tiger:visual:no:4",4,-1.5,0.577350269189626,-2,-1,1.5,1.29099444873581,0,3,-0.5,1,-2,0,0.75,0.5,0,1
"tiger","visual",5,"Does it have warts?","no","tiger:visual:no:5",5,-1,1,-2,0,1.6,1.14017542509914,0,3,-1.2,0.836660026534076,-2,0,2.2,1.6431676725155,0,4
"toad","nonvisual",1,"Does it eat?","yes","toad:nonvisual:yes:1",6,2,0,2,2,1,1.26491106406735,0,3,-1.66666666666667,0.516397779494322,-2,-1,1,0.632455532033676,0,2
"toad","nonvisual",2,"Does it hop?","yes","toad:nonvisual:yes:2",7,1.85714285714286,0.377964473009227,1,2,1.42857142857143,0.975900072948533,0,3,-1.57142857142857,0.534522483824849,-2,-1,0.857142857142857,1.0690449676497,0,3
"toad","nonvisual",3,"Is it an amphibian?","yes","toad:nonvisual:yes:3",4,1.75,0.5,1,2,1.75,0.957427107756338,1,3,-1.75,0.5,-2,-1,2.5,1.29099444873581,1,4
"toad","nonvisual",4,"Does it eat insects?","yes","toad:nonvisual:yes:4",4,1.5,0.577350269189626,1,2,1.5,0.577350269189626,1,2,-1.25,0.5,-2,-1,2,0.816496580927726,1,3
"toad","visual",1,"Is it green?","yes","toad:visual:yes:1",2,0.5,0.707106781186548,0,1,1.5,2.12132034355964,0,3,-2,0,-2,-2,1.5,2.12132034355964,0,3
"toad","visual",3,"Is it small?","yes","toad:visual:yes:3",4,1.25,0.957427107756338,0,2,2.75,1.25830573921179,1,4,-1.5,0.577350269189626,-2,-1,0.75,0.5,0,1
"toad","visual",4,"Does it have a long tongue?","yes","toad:visual:yes:4",5,1.6,0.894427190999916,0,2,2,1.58113883008419,0,4,-1.6,0.894427190999916,-2,0,0.8,1.30384048104053,0,3
"toad","nonvisual",1,"Does it bark?","no","toad:nonvisual:no:1",5,-2,0,-2,-2,1,1.73205080756888,0,4,-2,0,-2,-2,1.2,1.30384048104053,0,3
"toad","nonvisual",2,"Does it run fast?","no","toad:nonvisual:no:2",4,-0.75,0.957427107756338,-2,0,1,0.816496580927726,0,2,-1.25,0.957427107756338,-2,0,1,1.15470053837925,0,2
"toad","nonvisual",3,"Is it furry?","no","toad:nonvisual:no:3",5,-2,0,-2,-2,1.2,1.78885438199983,0,4,-1.8,0.447213595499958,-2,-1,0.4,0.894427190999916,0,2
"toad","nonvisual",4,"Does it taste good?","no","toad:nonvisual:no:4",7,-1.14285714285714,1.0690449676497,-2,1,0.857142857142857,1.21498579258791,0,3,-1.28571428571429,0.951189731211342,-2,0,1.57142857142857,1.2724180205607,0,3
"toad","visual",1,"Does it have handle bars?","no","toad:visual:no:1",6,-1.5,1.22474487139159,-2,1,0.333333333333333,0.816496580927726,0,2,-1.83333333333333,0.408248290463863,-2,-1,0.166666666666667,0.408248290463863,0,1
"toad","visual",2,"Does it have a peel?","no","toad:visual:no:2",5,-1.8,0.447213595499958,-2,-1,1.4,1.14017542509914,0,3,-1.6,0.547722557505166,-2,-1,1.4,1.94935886896179,0,4
"toad","visual",3,"Does it have a tail?","no","toad:visual:no:3",6,-1.83333333333333,0.408248290463863,-2,-1,1,1.26491106406735,0,3,-1.5,0.547722557505166,-2,-1,1.16666666666667,1.32916013582513,0,3
"toad","visual",4,"Does it have whiskers?","no","toad:visual:no:4",4,-2,0,-2,-2,1,0.816496580927726,0,2,-1.5,0.577350269189626,-2,-1,1.5,1.29099444873581,0,3
"train","nonvisual",1,"Is it used for freight?","yes","train:nonvisual:yes:1",5,1.6,0.547722557505166,1,2,1.6,1.81659021245849,0,4,-1.6,0.547722557505166,-2,-1,0.8,0.836660026534076,0,2
"train","nonvisual",2,"Is it used for transportation?","yes","train:nonvisual:yes:2",6,2,0,2,2,1.66666666666667,0.816496580927726,1,3,-1.5,0.547722557505166,-2,-1,0.666666666666667,0.816496580927726,0,2
"train","nonvisual",3,"Does it require a conductor?","yes","train:nonvisual:yes:3",4,1.5,0.577350269189626,1,2,1.25,0.957427107756338,0,2,-1.25,0.5,-2,-1,2,1.4142135623731,0,3
"train","nonvisual",4,"Is it loud?","yes","train:nonvisual:yes:4",5,1.8,0.447213595499958,1,2,1.4,1.51657508881031,0,3,-1.8,0.447213595499958,-2,-1,1.4,1.67332005306815,0,4
"train","visual",1,"Does it have a caboose?","yes","train:visual:yes:1",5,1,0.707106781186548,0,2,1.8,0.836660026534076,1,3,-1.2,0.836660026534076,-2,0,1.4,0.547722557505166,1,2
"train","visual",2,"Does it have an engine?","yes","train:visual:yes:2",6,2,0,2,2,2,1.26491106406735,1,4,-1.33333333333333,0.816496580927726,-2,0,1.5,1.22474487139159,0,3
"train","visual",3,"Does it have many cars?","yes","train:visual:yes:3",6,0.5,1.04880884817015,-1,2,1.33333333333333,1.36626010212795,0,4,-0.833333333333333,1.16904519445001,-2,1,0.666666666666667,0.816496580927726,0,2
"train","visual",4,"Is it made of metal?","yes","train:visual:yes:4",5,1.6,0.547722557505166,1,2,2.4,1.34164078649987,1,4,-1.8,0.447213595499958,-2,-1,2,1.58113883008419,0,4
"train","nonvisual",1,"Is it a fruit?","no","train:nonvisual:no:1",7,-2,0,-2,-2,0.714285714285714,1.49602648308619,0,4,-1.85714285714286,0.377964473009227,-2,-1,1.28571428571429,1.60356745147455,0,4
"train","nonvisual",2,"Does it grow in tropical climates?","no","train:nonvisual:no:2",5,-1.6,0.894427190999916,-2,0,1.8,1.6431676725155,0,4,-1.6,0.894427190999916,-2,0,1,1.22474487139159,0,3
"train","nonvisual",3,"Does it live in the Arctic?","no","train:nonvisual:no:3",4,-2,0,-2,-2,0.25,0.5,0,1,-2,0,-2,-2,0,0,0,0
"train","nonvisual",4,"Does it produce offspring?","no","train:nonvisual:no:4",5,-2,0,-2,-2,1.4,1.34164078649987,0,3,-1.4,0.547722557505166,-2,-1,1.4,1.34164078649987,0,3
"train","visual",1,"Is it green?","no","train:visual:no:1",7,-0.571428571428571,0.786795792469443,-2,0,1.42857142857143,0.786795792469443,0,2,-1.14285714285714,1.0690449676497,-2,1,0.571428571428571,0.975900072948533,0,2
"train","visual",2,"Does it have a zipper?","no","train:visual:no:2",2,-2,0,-2,-2,0.5,0.707106781186548,0,1,-2,0,-2,-2,0,0,0,0
"train","visual",3,"Does it have a beak?","no","train:visual:no:3",4,-2,0,-2,-2,1.75,2.06155281280883,0,4,-2,0,-2,-2,0,0,0,0
"train","visual",4,"Does it have long legs?","no","train:visual:no:4",5,-1.6,0.894427190999916,-2,0,1,1.4142135623731,0,3,-1.4,0.894427190999916,-2,0,0.6,0.894427190999916,0,2
"zebra","nonvisual",1,"Is it an animal?","yes","zebra:nonvisual:yes:1",9,2,0,2,2,1.44444444444444,1.23603308118261,0,4,-1.88888888888889,0.333333333333333,-2,-1,1.22222222222222,1.64147630029935,0,4
"zebra","nonvisual",2,"Does it run fast?","yes","zebra:nonvisual:yes:2",7,1,1,-1,2,1.57142857142857,1.13389341902768,0,3,-0.714285714285714,1.11269728052837,-2,1,2,1.4142135623731,0,4
"zebra","nonvisual",3,"Does it live in Africa?","yes","zebra:nonvisual:yes:3",6,1,0.894427190999916,0,2,1.33333333333333,1.03279555898864,0,3,-0.666666666666667,1.03279555898864,-2,1,1.83333333333333,1.16904519445001,0,3
"zebra","nonvisual",4,"Does it travel in herds?","yes","zebra:nonvisual:yes:4",6,0.666666666666667,1.03279555898864,-1,2,1.33333333333333,0.816496580927726,1,3,-1,1.26491106406735,-2,1,2,0.632455532033676,1,3
"zebra","visual",1,"Does it have stripes?","yes","zebra:visual:yes:1",4,1.75,0.5,1,2,1.75,1.25830573921179,0,3,-2,0,-2,-2,1,0.816496580927726,0,2
"zebra","visual",2,"Does it have four legs?","yes","zebra:visual:yes:2",5,1.8,0.447213595499958,1,2,1,0.707106781186548,0,2,-1.8,0.447213595499958,-2,-1,1.2,0.836660026534076,0,2
"zebra","visual",3,"Does it have hooves?","yes","zebra:visual:yes:3",2,1.5,0.707106781186548,1,2,2,1.4142135623731,1,3,-1,1.4142135623731,-2,0,0.5,0.707106781186548,0,1
"zebra","visual",4,"Does it have a mane?","yes","zebra:visual:yes:4",4,0.75,0.957427107756338,0,2,1.5,1,0,2,-0.5,1.29099444873581,-2,1,1.5,1,0,2
"zebra","nonvisual",1,"Does it eat garbage?","no","zebra:nonvisual:no:1",3,-1.33333333333333,0.577350269189626,-2,-1,1,1,0,2,-0.333333333333333,1.52752523165195,-2,1,1.66666666666667,1.52752523165195,0,3
"zebra","nonvisual",2,"Is it used for eating on?","no","zebra:nonvisual:no:2",5,-1.2,1.09544511501033,-2,0,1.8,1.48323969741913,0,4,-1.2,1.30384048104053,-2,1,0.6,0.894427190999916,0,2
"zebra","nonvisual",3,"Is it eaten by rabbits?","no","zebra:nonvisual:no:3",3,-2,0,-2,-2,1.33333333333333,2.3094010767585,0,4,-2,0,-2,-2,1.33333333333333,2.3094010767585,0,4
"zebra","nonvisual",4,"Does it live in water?","no","zebra:nonvisual:no:4",5,-2,0,-2,-2,0.4,0.547722557505166,0,1,-1.8,0.447213595499958,-2,-1,1.4,0.894427190999916,1,3
"zebra","nonvisual",5,"Does it live in jungles?","no","zebra:nonvisual:no:5",5,-0.8,1.6431676725155,-2,2,1.4,1.14017542509914,0,3,-1.2,1.09544511501033,-2,0,1.6,1.14017542509914,0,3
"zebra","visual",1,"Is it red?","no","zebra:visual:no:1",3,-2,0,-2,-2,1.66666666666667,2.08166599946613,0,4,-2,0,-2,-2,0,0,0,0
"zebra","visual",2,"Does it have antennae?","no","zebra:visual:no:2",3,-2,0,-2,-2,0,0,0,0,-2,0,-2,-2,0,0,0,0
"zebra","visual",3,"Does it have jaws?","yes","zebra:visual:yes:3",7,1,1.52752523165195,-2,2,1.42857142857143,1.39727626201154,0,4,-1,1,-2,0,1,1.52752523165195,0,4
