cue,ftype,qid,question,truth_coded,count,truth_mean,truth_std,truth_min,truth_max,senses_mean,senses_std,senses_min,senses_max,difficulty_mean,difficulty_std,difficulty_min,difficulty_max,truth_z,senses_z,difficulty_z,truth_normed,truth_agree
alligator,nonvisual,1,Is it an animal?,yes,9.0,1.66666666667,1.0,-1.0,2.0,2.88888888889,1.69148192752,1.0,5.0,-1.88888888889,0.333333333333,-2.0,-1.0,1.11627898092,0.841808881679,-1.08762094893,yes,1.0
alligator,nonvisual,2,Is it a reptile?,yes,1.0,2.0,,2.0,2.0,1.0,,1.0,1.0,-1.0,,-1.0,-1.0,1.33286969708,-1.3760658989,0.532104916475,,
alligator,nonvisual,3,Does it live in swamps?,yes,1.0,0.0,,0.0,0.0,2.0,,2.0,2.0,1.0,,1.0,1.0,0.0333254000753,-0.201896897416,4.17648811363,,
alligator,nonvisual,4,Does it live in water?,yes,4.0,1.5,0.57735026919,1.0,2.0,2.5,1.29099444874,1.0,4.0,-1.25,0.957427107756,-2.0,0.0,1.00798362283,0.385187603325,0.0765570168307,yes,1.0
alligator,nonvisual,5,Does it eat people?,yes,1.0,0.0,,0.0,0.0,4.0,,4.0,4.0,-2.0,,-2.0,-2.0,0.0333254000753,2.14644110555,-1.2900866821,,
alligator,visual,1,Is it green?,yes,3.0,1.33333333333,0.57735026919,1.0,2.0,2.0,1.73205080757,1.0,4.0,-1.0,1.0,-2.0,0.0,0.899688264748,-0.201896897416,0.532104916475,yes,1.0
alligator,visual,2,Is it long?,yes,3.0,1.33333333333,0.57735026919,1.0,2.0,3.33333333333,2.08166599947,1.0,5.0,-1.0,1.0,-2.0,0.0,0.899688264748,1.36366177123,0.532104916475,yes,1.0
alligator,visual,3,Does it have scales?,yes,3.0,0.0,1.73205080757,-1.0,2.0,2.0,1.0,1.0,3.0,-0.666666666667,1.52752523165,-2.0,1.0,0.0333254000753,-0.201896897416,1.139502116,,
alligator,visual,4,Does it have a tail?,yes,3.0,0.666666666667,1.52752523165,-1.0,2.0,1.0,0.0,1.0,1.0,-1.66666666667,0.57735026919,-2.0,-1.0,0.466506832412,-1.3760658989,-0.682689482577,,
alligator,visual,5,Does it have jaws?,yes,3.0,2.0,0.0,2.0,2.0,2.66666666667,2.08166599947,1.0,5.0,-1.66666666667,0.57735026919,-2.0,-1.0,1.33286969708,0.580882436906,-0.682689482577,yes,1.0
alligator,nonvisual,1,Is it a mammal?,no,4.0,-1.0,2.0,-2.0,2.0,2.75,1.25830573921,1.0,4.0,-1.5,0.57735026919,-2.0,-1.0,-0.616446748429,0.678729853696,-0.378990882814,,
alligator,nonvisual,2,Does it live in the desert?,no,4.0,-2.0,0.0,-2.0,-2.0,3.5,1.73205080757,1.0,5.0,-1.75,0.5,-2.0,-1.0,-1.26621889693,1.55935660481,-0.834538782458,no,1.0
alligator,nonvisual,3,Is it used for freight?,no,4.0,-1.75,0.5,-2.0,-1.0,3.75,1.5,2.0,5.0,-1.0,0.816496580928,-2.0,0.0,-1.10377585981,1.85289885518,0.532104916475,no,1.0
alligator,nonvisual,4,Is it found in summer?,no,5.0,1.0,1.0,0.0,2.0,3.2,0.836660026534,2.0,4.0,-0.2,0.836660026534,-1.0,1.0,0.68309754858,1.20710590436,1.98985819534,yes,0.0
alligator,nonvisual,5,Is it a pet?,no,4.0,-2.0,0.0,-2.0,-2.0,3.0,1.82574185835,1.0,5.0,-1.5,0.57735026919,-2.0,-1.0,-1.26621889693,0.972272104066,-0.378990882814,no,1.0
alligator,visual,1,Does it have a long tongue?,no,10.0,-0.2,1.22927259431,-2.0,2.0,2.8,1.47572957475,1.0,5.0,-0.4,1.07496769977,-2.0,1.0,-0.0966290296256,0.73743830377,1.62541987562,,
alligator,visual,2,Is it grey?,no,4.0,-1.0,0.816496580928,-2.0,0.0,2.0,2.0,1.0,5.0,-1.0,0.816496580928,-2.0,0.0,-0.616446748429,-0.201896897416,0.532104916475,no,1.0
alligator,visual,3,Is it round?,no,9.0,-1.88888888889,0.333333333333,-2.0,-1.0,1.11111111111,0.333333333333,1.0,2.0,-1.77777777778,0.440958551844,-2.0,-1.0,-1.19402199154,-1.24560267651,-0.885155215752,no,1.0
alligator,visual,4,Is it small?,no,7.0,-1.14285714286,0.899735410842,-2.0,0.0,2.14285714286,0.899735410842,1.0,3.0,-1.42857142857,0.786795792469,-2.0,0.0,-0.709271341073,-0.034158468633,-0.248834340058,no,1.0
alligator,visual,5,Is it made of metal?,no,3.0,-2.0,0.0,-2.0,-2.0,1.33333333333,0.57735026919,1.0,2.0,-1.66666666667,0.57735026919,-2.0,-1.0,-1.26621889693,-0.984676231738,-0.682689482577,no,1.0
apple,nonvisual,1,Is it a fruit?,yes,5.0,2.0,0.0,2.0,2.0,3.6,1.67332005307,1.0,5.0,-1.8,0.4472135955,-2.0,-1.0,1.33286969708,1.67677350496,-0.925648362387,yes,1.0
apple,nonvisual,2,Does it grow on trees?,yes,5.0,1.6,0.894427191,0.0,2.0,2.2,1.64316767252,1.0,4.0,-1.4,0.894427191,-2.0,0.0,1.07296083768,0.0329369028803,-0.196771722956,yes,1.0
apple,nonvisual,3,Is it eaten in pies?,yes,4.0,2.0,0.0,2.0,2.0,1.5,1.0,1.0,3.0,-1.75,0.5,-2.0,-1.0,1.33286969708,-0.788981398158,-0.834538782458,yes,1.0
apple,nonvisual,4,Is it nutritious?,yes,10.0,1.6,0.69920589878,0.0,2.0,2.9,1.37032031941,1.0,5.0,-1.4,0.69920589878,-2.0,0.0,1.07296083768,0.854855203918,-0.196771722956,yes,1.0
apple,nonvisual,5,Is it used for cider?,yes,4.0,2.0,0.0,2.0,2.0,2.25,1.8929694486,1.0,5.0,-1.75,0.5,-2.0,-1.0,1.33286969708,0.0916453529544,-0.834538782458,yes,1.0
apple,visual,1,Is it red?,yes,7.0,0.428571428571,0.534522483825,0.0,1.0,1.42857142857,1.13389341903,1.0,4.0,-1.28571428571,0.487950036474,-2.0,-1.0,0.311799178006,-0.872850612549,0.011478745453,yes,1.0
apple,visual,2,Is it green?,yes,3.0,0.0,0.0,0.0,0.0,2.33333333333,2.30940107676,1.0,5.0,-1.66666666667,0.57735026919,-2.0,-1.0,0.0333254000753,0.189492769745,-0.682689482577,,
apple,visual,3,Does it have seeds?,yes,5.0,1.6,0.894427191,0.0,2.0,2.0,1.22474487139,1.0,4.0,-1.4,0.894427191,-2.0,0.0,1.07296083768,-0.201896897416,-0.196771722956,yes,1.0
apple,visual,4,Is it round?,yes,5.0,1.0,0.707106781187,0.0,2.0,1.2,0.4472135955,1.0,2.0,-1.4,0.547722557505,-2.0,-1.0,0.68309754858,-1.1412320986,-0.196771722956,yes,1.0
apple,visual,5,Does it have a core?,yes,5.0,2.0,0.0,2.0,2.0,3.2,1.30384048104,1.0,4.0,-1.0,1.0,-2.0,0.0,1.33286969708,1.20710590436,0.532104916475,yes,1.0
apple,nonvisual,1,Is it an animal?,no,2.0,-2.0,0.0,-2.0,-2.0,3.0,0.0,3.0,3.0,-1.0,0.0,-1.0,-1.0,-1.26621889693,0.972272104066,0.532104916475,no,1.0
apple,nonvisual,2,Does it live in Africa?,no,5.0,-0.6,1.1401754251,-2.0,1.0,3.0,1.41421356237,2.0,5.0,-0.4,0.894427191,-1.0,1.0,-0.356537889027,0.972272104066,1.62541987562,no,1.0
apple,nonvisual,3,Is it fast?,no,6.0,-1.66666666667,0.816496580928,-2.0,0.0,2.5,1.76068168617,1.0,5.0,-1.33333333333,0.816496580928,-2.0,0.0,-1.04962818077,0.385187603325,-0.0752922830507,no,1.0
apple,nonvisual,4,Is it timid?,no,3.0,-1.33333333333,1.15470053838,-2.0,0.0,3.33333333333,2.08166599947,1.0,5.0,-0.333333333333,2.08166599947,-2.0,2.0,-0.833037464597,1.36366177123,1.74689931553,no,1.0
apple,nonvisual,5,Is it used in experiments?,no,2.0,0.5,0.707106781187,0.0,1.0,2.5,2.12132034356,1.0,4.0,-0.5,0.707106781187,-1.0,0.0,0.358211474328,0.385187603325,1.44320071576,,
apple,visual,1,Is it black?,no,7.0,-1.57142857143,0.786795792469,-2.0,0.0,1.42857142857,0.786795792469,1.0,3.0,-1.71428571429,0.755928946018,-2.0,0.0,-0.987745119003,-0.872850612549,-0.76946051108,no,1.0
apple,visual,2,Does it have pockets?,no,5.0,-2.0,0.0,-2.0,-2.0,1.2,0.4472135955,1.0,2.0,-1.6,0.547722557505,-2.0,-1.0,-1.26621889693,-1.1412320986,-0.561210042672,no,1.0
apple,visual,3,Does it have a beak?,no,5.0,-2.0,0.0,-2.0,-2.0,2.0,1.41421356237,1.0,4.0,-2.0,0.0,-2.0,-2.0,-1.26621889693,-0.201896897416,-1.2900866821,no,1.0
apple,visual,4,Does it have a hood?,no,4.0,-1.5,1.0,-2.0,0.0,1.5,1.0,1.0,3.0,-1.5,1.0,-2.0,0.0,-0.941332822682,-0.788981398158,-0.378990882814,no,1.0
apple,visual,5,Does it have eyes?,no,1.0,-2.0,,-2.0,-2.0,1.0,,1.0,1.0,-1.0,,-1.0,-1.0,-1.26621889693,-1.3760658989,0.532104916475,,
banana,nonvisual,1,Is it a fruit?,yes,5.0,2.0,0.0,2.0,2.0,2.2,1.788854382,1.0,5.0,-1.0,1.0,-2.0,0.0,1.33286969708,0.0329369028803,0.532104916475,yes,1.0
banana,nonvisual,2,Does it taste good?,yes,4.0,0.75,0.5,0.0,1.0,1.5,0.57735026919,1.0,2.0,-1.5,0.57735026919,-2.0,-1.0,0.520654511454,-0.788981398158,-0.378990882814,yes,1.0
banana,nonvisual,3,Does it grow in tropical climates?,yes,1.0,1.0,,1.0,1.0,1.0,,1.0,1.0,-1.0,,-1.0,-1.0,0.68309754858,-1.3760658989,0.532104916475,,
banana,nonvisual,4,Is it healthy?,yes,2.0,1.5,0.707106781187,1.0,2.0,5.0,0.0,5.0,5.0,0.5,0.707106781187,0.0,1.0,1.00798362283,3.32061010703,3.26539231434,yes,1.0
banana,visual,1,Is it yellow?,yes,6.0,1.66666666667,0.516397779494,1.0,2.0,2.16666666667,1.83484785927,1.0,5.0,-1.83333333333,0.408248290464,-2.0,-1.0,1.11627898092,-0.00620206383578,-0.98638808234,yes,1.0
banana,visual,2,Is it long?,yes,3.0,0.333333333333,0.57735026919,0.0,1.0,2.33333333333,1.52752523165,1.0,4.0,-0.666666666667,0.57735026919,-1.0,0.0,0.249916116243,0.189492769745,1.139502116,,
banana,visual,3,Does it have a peel?,yes,5.0,1.0,1.73205080757,-2.0,2.0,2.0,1.0,1.0,3.0,-1.4,0.894427191,-2.0,0.0,0.68309754858,-0.201896897416,-0.196771722956,yes,1.0
banana,visual,4,Does it have a skin?,yes,4.0,1.5,0.57735026919,1.0,2.0,1.25,0.5,1.0,2.0,-1.75,0.5,-2.0,-1.0,1.00798362283,-1.08252364853,-0.834538782458,yes,1.0
banana,nonvisual,1,Is it fast?,no,5.0,-1.6,0.894427191,-2.0,0.0,2.2,1.09544511501,1.0,3.0,-1.4,0.894427191,-2.0,0.0,-1.00631003753,0.0329369028803,-0.196771722956,no,1.0
banana,nonvisual,2,Is it worn in cold temperatures?,no,5.0,-0.8,1.788854382,-2.0,2.0,2.4,1.67332005307,1.0,5.0,-1.0,1.22474487139,-2.0,1.0,-0.486492318728,0.267770703177,0.532104916475,no,1.0
banana,nonvisual,3,Does it have different speeds?,no,4.0,-1.5,1.0,-2.0,0.0,2.25,1.8929694486,1.0,5.0,-1.0,0.816496580928,-2.0,0.0,-0.941332822682,0.0916453529544,0.532104916475,no,1.0
banana,nonvisual,4,Is it a container?,no,5.0,-1.8,0.4472135955,-2.0,-1.0,2.2,1.30384048104,1.0,4.0,-1.4,0.547722557505,-2.0,-1.0,-1.13626446723,0.0329369028803,-0.196771722956,no,1.0
banana,visual,1,Does it have feathers?,no,7.0,-2.0,0.0,-2.0,-2.0,1.57142857143,0.975900072949,1.0,3.0,-1.57142857143,0.534522483825,-2.0,-1.0,-1.26621889693,-0.705112183766,-0.509147425569,no,1.0
banana,visual,2,Does it have a tail?,no,3.0,-2.0,0.0,-2.0,-2.0,2.33333333333,2.30940107676,1.0,5.0,-2.0,0.0,-2.0,-2.0,-1.26621889693,0.189492769745,-1.2900866821,no,1.0
banana,visual,3,Does it have a beak?,no,6.0,-2.0,0.0,-2.0,-2.0,1.33333333333,0.816496580928,1.0,3.0,-2.0,0.0,-2.0,-2.0,-1.26621889693,-0.984676231738,-1.2900866821,no,1.0
banana,visual,4,Does it have hooves?,no,10.0,-2.0,0.0,-2.0,-2.0,1.1,0.316227766017,1.0,2.0,-1.9,0.316227766017,-2.0,-1.0,-1.26621889693,-1.25864899875,-1.10786752224,no,1.0
bike,nonvisual,1,Is is used for riding?,yes,1.0,2.0,,2.0,2.0,1.0,,1.0,1.0,-2.0,,-2.0,-2.0,1.33286969708,-1.3760658989,-1.2900866821,,
bike,nonvisual,2,Is it used for racing?,yes,2.0,-0.5,2.12132034356,-2.0,1.0,1.5,0.707106781187,1.0,2.0,-1.5,0.707106781187,-2.0,-1.0,-0.291560674177,-0.788981398158,-0.378990882814,,
bike,nonvisual,3,Does it have different speeds?,yes,2.0,1.0,0.0,1.0,1.0,3.0,0.0,3.0,3.0,0.5,0.707106781187,0.0,1.0,0.68309754858,0.972272104066,3.26539231434,yes,1.0
bike,nonvisual,4,Is it fast?,yes,4.0,0.75,1.25830573921,-1.0,2.0,1.75,0.957427107756,1.0,3.0,-0.75,0.957427107756,-2.0,0.0,0.520654511454,-0.495439147787,0.98765281612,yes,1.0
bike,visual,1,Does it have handle bars?,yes,8.0,1.75,0.462910049886,1.0,2.0,2.25,1.58113883008,1.0,5.0,-1.375,0.744023809143,-2.0,0.0,1.17042665996,0.0916453529544,-0.151216932991,yes,1.0
bike,visual,2,Does it have a seat?,yes,3.0,1.66666666667,0.57735026919,1.0,2.0,1.66666666667,1.15470053838,1.0,3.0,-1.66666666667,0.57735026919,-2.0,-1.0,1.11627898092,-0.593286564577,-0.682689482577,yes,1.0
bike,visual,3,Does it have gears?,yes,5.0,1.0,1.0,0.0,2.0,2.6,1.1401754251,1.0,4.0,-1.2,0.4472135955,-2.0,-1.0,0.68309754858,0.502604503473,0.16766659676,yes,1.0
bike,visual,4,Is it made of metal?,yes,2.0,1.5,0.707106781187,1.0,2.0,2.0,1.41421356237,1.0,3.0,-1.5,0.707106781187,-2.0,-1.0,1.00798362283,-0.201896897416,-0.378990882814,yes,1.0
bike,nonvisual,1,Does it live in Africa?,no,4.0,-0.75,1.5,-2.0,1.0,1.5,1.0,1.0,3.0,-1.5,1.0,-2.0,0.0,-0.454003711303,-0.788981398158,-0.378990882814,,
bike,nonvisual,2,Is it nocturnal?,no,5.0,-1.6,0.894427191,-2.0,0.0,3.0,2.0,1.0,5.0,-1.0,1.22474487139,-2.0,1.0,-1.00631003753,0.972272104066,0.532104916475,no,1.0
bike,nonvisual,3,Is it a mammal?,no,4.0,-1.25,0.957427107756,-2.0,0.0,2.0,1.15470053838,1.0,3.0,-1.0,1.15470053838,-2.0,0.0,-0.778889785555,-0.201896897416,0.532104916475,no,1.0
bike,nonvisual,4,Is it found at tables?,no,5.0,-1.6,0.547722557505,-2.0,-1.0,1.2,0.4472135955,1.0,2.0,-1.4,0.547722557505,-2.0,-1.0,-1.00631003753,-1.1412320986,-0.196771722956,no,1.0
bike,visual,1,Does it have legs?,no,2.0,-2.0,0.0,-2.0,-2.0,1.5,0.707106781187,1.0,2.0,-1.5,0.707106781187,-2.0,-1.0,-1.26621889693,-0.788981398158,-0.378990882814,no,1.0
bike,visual,2,Is it made of plastic?,no,7.0,-1.28571428571,0.755928946018,-2.0,0.0,2.0,0.57735026919,1.0,3.0,-1.0,0.57735026919,-2.0,0.0,-0.802095933716,-0.201896897416,0.532104916475,no,1.0
bike,visual,3,Does it have feet?,no,6.0,-1.66666666667,0.816496580928,-2.0,0.0,2.66666666667,1.36626010213,1.0,4.0,-1.33333333333,0.816496580928,-2.0,0.0,-1.04962818077,0.580882436906,-0.0752922830507,no,1.0
bike,visual,4,Does it have sleeves?,no,7.0,-1.85714285714,0.377964473009,-2.0,-1.0,2.0,1.41421356237,1.0,4.0,-1.0,1.29099444874,-2.0,1.0,-1.17339430429,-0.201896897416,0.532104916475,no,1.0
bottle,nonvisual,1,Is it used for holding things?,yes,4.0,1.75,0.5,1.0,2.0,2.75,1.25830573921,1.0,4.0,-1.5,1.0,-2.0,0.0,1.17042665996,0.678729853696,-0.378990882814,yes,1.0
bottle,nonvisual,2,Is it used for holding liquids?,yes,4.0,2.0,0.0,2.0,2.0,1.25,0.5,1.0,2.0,-1.75,0.5,-2.0,-1.0,1.33286969708,-1.08252364853,-0.834538782458,yes,1.0
bottle,nonvisual,3,Is it a container?,yes,3.0,1.33333333333,1.15470053838,0.0,2.0,1.33333333333,0.57735026919,1.0,2.0,-1.33333333333,1.15470053838,-2.0,0.0,0.899688264748,-0.984676231738,-0.0752922830507,yes,1.0
bottle,nonvisual,4,Is it breakable?,yes,5.0,1.0,1.0,0.0,2.0,2.8,0.836660026534,2.0,4.0,-1.0,0.707106781187,-2.0,0.0,0.68309754858,0.73743830377,0.532104916475,yes,1.0
bottle,nonvisual,5,Is it used for holding beer?,yes,3.0,1.33333333333,1.15470053838,0.0,2.0,1.66666666667,1.15470053838,1.0,3.0,-1.33333333333,1.15470053838,-2.0,0.0,0.899688264748,-0.593286564577,-0.0752922830507,yes,1.0
bottle,visual,1,Is it made of glass?,yes,3.0,0.0,0.0,0.0,0.0,1.33333333333,0.57735026919,1.0,2.0,-1.33333333333,0.57735026919,-2.0,-1.0,0.0333254000753,-0.984676231738,-0.0752922830507,,
bottle,visual,2,Is it made of plastic?,yes,5.0,0.6,0.547722557505,0.0,1.0,1.8,0.836660026534,1.0,3.0,-0.8,0.4472135955,-1.0,0.0,0.423188689178,-0.436730697713,0.896543236191,yes,1.0
bottle,visual,3,Does it have a lid?,yes,7.0,0.285714285714,0.487950036474,0.0,1.0,1.71428571429,0.755928946018,1.0,3.0,-1.14285714286,0.899735410842,-2.0,0.0,0.218974585362,-0.537373754983,0.271791830964,yes,1.0
bottle,visual,4,Does it have a neck?,yes,9.0,0.888888888889,0.333333333333,0.0,1.0,1.88888888889,1.26929551764,1.0,4.0,-1.11111111111,0.927960727138,-2.0,1.0,0.61090064319,-0.332360119803,0.3296391833,yes,1.0
bottle,visual,5,Does it have a cork?,yes,7.0,-0.571428571429,0.975900072949,-2.0,0.0,2.0,1.0,1.0,4.0,-1.14285714286,0.899735410842,-2.0,0.0,-0.337972970499,-0.201896897416,0.271791830964,no,0.0
bottle,nonvisual,1,Is it an animal?,no,3.0,-2.0,0.0,-2.0,-2.0,3.0,2.0,1.0,5.0,-1.0,1.0,-2.0,0.0,-1.26621889693,0.972272104066,0.532104916475,no,1.0
bottle,nonvisual,2,Is it juicy?,no,5.0,0.0,1.41421356237,-2.0,2.0,3.2,1.48323969742,1.0,5.0,-1.2,1.09544511501,-2.0,0.0,0.0333254000753,1.20710590436,0.16766659676,,
bottle,nonvisual,3,Is it a carnivore?,no,4.0,-1.5,1.0,-2.0,0.0,3.5,1.73205080757,1.0,5.0,-2.0,0.0,-2.0,-2.0,-0.941332822682,1.55935660481,-1.2900866821,no,1.0
bottle,nonvisual,4,Does it fly?,no,5.0,-1.6,0.894427191,-2.0,0.0,1.6,1.3416407865,1.0,4.0,-1.2,1.30384048104,-2.0,1.0,-1.00631003753,-0.671564498009,0.16766659676,no,1.0
bottle,nonvisual,5,Is it an amphibian?,no,5.0,-2.0,0.0,-2.0,-2.0,2.0,1.73205080757,1.0,5.0,-1.4,0.894427191,-2.0,0.0,-1.26621889693,-0.201896897416,-0.196771722956,no,1.0
bottle,visual,1,Does it have feet?,no,5.0,-2.0,0.0,-2.0,-2.0,1.6,0.894427191,1.0,3.0,-1.8,0.4472135955,-2.0,-1.0,-1.26621889693,-0.671564498009,-0.925648362387,no,1.0
bottle,visual,2,Does it have seeds?,no,2.0,-2.0,0.0,-2.0,-2.0,4.5,0.707106781187,4.0,5.0,-0.5,0.707106781187,-1.0,0.0,-1.26621889693,2.73352560629,1.44320071576,no,1.0
bottle,visual,3,Does it have armrests?,no,7.0,-1.85714285714,0.377964473009,-2.0,-1.0,2.28571428571,1.88982236505,1.0,5.0,-1.42857142857,0.534522483825,-2.0,-1.0,-1.17339430429,0.13357996015,-0.248834340058,no,1.0
bottle,visual,4,Does it have eyes?,no,3.0,-2.0,0.0,-2.0,-2.0,1.33333333333,0.57735026919,1.0,2.0,-1.0,1.0,-2.0,0.0,-1.26621889693,-0.984676231738,0.532104916475,no,1.0
bottle,visual,5,Does it have teeth?,no,5.0,-2.0,0.0,-2.0,-2.0,2.2,1.788854382,1.0,5.0,-1.8,0.4472135955,-2.0,-1.0,-1.26621889693,0.0329369028803,-0.925648362387,no,1.0
camel,nonvisual,1,Does it live in the desert?,yes,4.0,0.75,1.8929694486,-2.0,2.0,2.25,1.5,1.0,4.0,-0.75,0.957427107756,-2.0,0.0,0.520654511454,0.0916453529544,0.98765281612,,
camel,nonvisual,2,Does it drink water?,yes,3.0,1.66666666667,0.57735026919,1.0,2.0,2.33333333333,1.15470053838,1.0,3.0,0.0,1.73205080757,-2.0,1.0,1.11627898092,0.189492769745,2.35429651505,yes,1.0
camel,nonvisual,3,Is it used by riding?,yes,5.0,1.6,0.547722557505,1.0,2.0,2.0,1.0,1.0,3.0,-1.4,1.3416407865,-2.0,1.0,1.07296083768,-0.201896897416,-0.196771722956,yes,1.0
camel,nonvisual,4,Is it a mammal?,yes,2.0,2.0,0.0,2.0,2.0,2.5,2.12132034356,1.0,4.0,-1.5,0.707106781187,-2.0,-1.0,1.33286969708,0.385187603325,-0.378990882814,yes,1.0
camel,nonvisual,5,Does it spit?,yes,3.0,0.333333333333,1.52752523165,-1.0,2.0,2.33333333333,1.15470053838,1.0,3.0,-1.33333333333,1.15470053838,-2.0,0.0,0.249916116243,0.189492769745,-0.0752922830507,,
camel,visual,1,Does it have a hump?,yes,0.0,,,,,,,,,,,,,,,,,
camel,visual,2,Is it brown?,yes,4.0,1.25,0.5,1.0,2.0,2.5,1.91485421551,1.0,5.0,-1.0,1.41421356237,-2.0,1.0,0.845540585706,0.385187603325,0.532104916475,yes,1.0
camel,visual,3,Does it have legs?,yes,6.0,2.0,0.0,2.0,2.0,1.16666666667,0.408248290464,1.0,2.0,-1.83333333333,0.408248290464,-2.0,-1.0,1.33286969708,-1.18037106532,-0.98638808234,yes,1.0
camel,visual,4,Is it large?,yes,4.0,1.5,0.57735026919,1.0,2.0,1.25,0.5,1.0,2.0,-2.0,0.0,-2.0,-2.0,1.00798362283,-1.08252364853,-1.2900866821,yes,1.0
camel,visual,5,Is it beige?,yes,10.0,0.4,1.07496769977,-2.0,2.0,1.9,0.875595035771,1.0,3.0,-0.8,0.788810637747,-2.0,0.0,0.293234259477,-0.319313797564,0.896543236191,yes,1.0
camel,nonvisual,1,Is it a bird?,no,3.0,-2.0,0.0,-2.0,-2.0,1.0,0.0,1.0,1.0,-2.0,0.0,-2.0,-2.0,-1.26621889693,-1.3760658989,-1.2900866821,no,1.0
camel,nonvisual,2,Is it graceful?,no,6.0,-0.833333333333,0.98319208025,-2.0,0.0,2.33333333333,1.36626010213,1.0,5.0,-0.333333333333,1.36626010213,-2.0,1.0,-0.508151390345,0.189492769745,1.74689931553,no,1.0
camel,nonvisual,3,Does it eat?,no,1.0,2.0,,2.0,2.0,5.0,,5.0,5.0,0.0,,0.0,0.0,1.33286969708,3.32061010703,2.35429651505,,
camel,nonvisual,4,Does it live on a farm?,no,6.0,-0.833333333333,0.98319208025,-2.0,1.0,3.0,1.54919333848,1.0,5.0,-1.0,0.894427191,-2.0,0.0,-0.508151390345,0.972272104066,0.532104916475,no,1.0
camel,nonvisual,5,Does it live in a coop?,no,4.0,-1.5,1.0,-2.0,0.0,2.25,1.5,1.0,4.0,-1.25,1.5,-2.0,1.0,-0.941332822682,0.0916453529544,0.0765570168307,no,1.0
camel,visual,1,Does it have stripes?,no,3.0,-1.66666666667,0.57735026919,-2.0,-1.0,2.33333333333,1.52752523165,1.0,4.0,-1.0,0.0,-1.0,-1.0,-1.04962818077,0.189492769745,0.532104916475,no,1.0
camel,visual,2,Does it have seeds?,no,6.0,-2.0,0.0,-2.0,-2.0,1.66666666667,1.63299316186,1.0,5.0,-1.5,0.836660026534,-2.0,0.0,-1.26621889693,-0.593286564577,-0.378990882814,no,1.0
camel,visual,3,Does it have whiskers?,no,5.0,0.0,1.41421356237,-1.0,2.0,1.6,0.894427191,1.0,3.0,-0.4,1.1401754251,-2.0,1.0,0.0333254000753,-0.671564498009,1.62541987562,,
camel,visual,4,Does it have a cork?,no,3.0,-2.0,0.0,-2.0,-2.0,1.33333333333,0.57735026919,1.0,2.0,-2.0,0.0,-2.0,-2.0,-1.26621889693,-0.984676231738,-1.2900866821,no,1.0
camel,visual,5,Does it have green leaves?,no,3.0,-2.0,0.0,-2.0,-2.0,2.0,1.73205080757,1.0,4.0,-2.0,0.0,-2.0,-2.0,-1.26621889693,-0.201896897416,-1.2900866821,no,1.0
carrot,nonvisual,1,Is it a vegetable?,yes,2.0,2.0,0.0,2.0,2.0,2.5,2.12132034356,1.0,4.0,-1.5,0.707106781187,-2.0,-1.0,1.33286969708,0.385187603325,-0.378990882814,yes,1.0
carrot,nonvisual,2,Is it eaten by rabbits?,yes,2.0,1.0,0.0,1.0,1.0,1.0,0.0,1.0,1.0,-1.5,0.707106781187,-2.0,-1.0,0.68309754858,-1.3760658989,-0.378990882814,yes,1.0
carrot,nonvisual,3,Does it grow underground?,yes,4.0,1.75,0.5,1.0,2.0,1.25,0.5,1.0,2.0,-1.75,0.5,-2.0,-1.0,1.17042665996,-1.08252364853,-0.834538782458,yes,1.0
carrot,nonvisual,4,Is it a root?,yes,8.0,1.25,1.03509833901,-1.0,2.0,2.875,1.45773797371,1.0,5.0,-0.75,1.16496474502,-2.0,1.0,0.845540585706,0.825500978881,0.98765281612,yes,1.0
carrot,visual,1,Is it orange?,yes,3.0,1.66666666667,0.57735026919,1.0,2.0,2.0,1.73205080757,1.0,4.0,-1.66666666667,0.57735026919,-2.0,-1.0,1.11627898092,-0.201896897416,-0.682689482577,yes,1.0
carrot,visual,2,Does it have a top?,yes,5.0,0.8,1.30384048104,-1.0,2.0,2.0,1.41421356237,1.0,4.0,-0.8,0.836660026534,-2.0,0.0,0.553143118879,-0.201896897416,0.896543236191,yes,1.0
carrot,visual,3,Is it long?,yes,4.0,1.0,0.816496580928,0.0,2.0,1.0,0.0,1.0,1.0,-1.25,0.5,-2.0,-1.0,0.68309754858,-1.3760658989,0.0765570168307,yes,1.0
carrot,visual,4,Does it have a pointed end?,yes,4.0,1.0,0.816496580928,0.0,2.0,2.0,0.816496580928,1.0,3.0,-1.5,0.57735026919,-2.0,-1.0,0.68309754858,-0.201896897416,-0.378990882814,yes,1.0
carrot,nonvisual,1,Is it used for holding things?,no,3.0,-2.0,0.0,-2.0,-2.0,4.0,1.0,3.0,5.0,-1.0,1.0,-2.0,0.0,-1.26621889693,2.14644110555,0.532104916475,no,1.0
carrot,nonvisual,2,Does it live in swamps?,no,6.0,-1.66666666667,0.816496580928,-2.0,0.0,3.33333333333,1.21106014164,2.0,5.0,-1.33333333333,0.816496580928,-2.0,0.0,-1.04962818077,1.36366177123,-0.0752922830507,no,1.0
carrot,nonvisual,3,Does it live in Africa?,no,2.0,0.0,1.41421356237,-1.0,1.0,2.0,1.41421356237,1.0,3.0,-0.5,0.707106781187,-1.0,0.0,0.0333254000753,-0.201896897416,1.44320071576,,
carrot,nonvisual,4,Is it an animal?,no,1.0,-2.0,,-2.0,-2.0,1.0,,1.0,1.0,-2.0,,-2.0,-2.0,-1.26621889693,-1.3760658989,-1.2900866821,,
carrot,visual,1,Is it brown?,no,4.0,-1.0,1.15470053838,-2.0,0.0,2.25,1.5,1.0,4.0,-0.5,1.29099444874,-2.0,1.0,-0.616446748429,0.0916453529544,1.44320071576,no,1.0
carrot,visual,2,Does it have four legs?,no,3.0,-2.0,0.0,-2.0,-2.0,2.0,1.73205080757,1.0,4.0,-1.66666666667,0.57735026919,-2.0,-1.0,-1.26621889693,-0.201896897416,-0.682689482577,no,1.0
carrot,visual,3,Does it have many cars?,no,3.0,-2.0,0.0,-2.0,-2.0,2.0,1.73205080757,1.0,4.0,-2.0,0.0,-2.0,-2.0,-1.26621889693,-0.201896897416,-1.2900866821,no,1.0
carrot,visual,4,Does it have wings?,no,3.0,-2.0,0.0,-2.0,-2.0,1.0,0.0,1.0,1.0,-2.0,0.0,-2.0,-2.0,-1.26621889693,-1.3760658989,-1.2900866821,no,1.0
chair,nonvisual,1,Is it used for sitting on?,yes,7.0,1.85714285714,0.377964473009,1.0,2.0,2.42857142857,1.61834718743,1.0,5.0,-1.57142857143,1.13389341903,-2.0,1.0,1.24004510444,0.301318388933,-0.509147425569,yes,1.0
chair,nonvisual,2,Is it furniture?,yes,3.0,2.0,0.0,2.0,2.0,2.0,1.73205080757,1.0,4.0,-1.66666666667,0.57735026919,-2.0,-1.0,1.33286969708,-0.201896897416,-0.682689482577,yes,1.0
chair,nonvisual,3,Is it comfortable?,yes,7.0,0.142857142857,0.377964473009,0.0,1.0,1.71428571429,0.755928946018,1.0,3.0,-1.28571428571,0.755928946018,-2.0,0.0,0.126149992719,-0.537373754983,0.011478745453,,
chair,nonvisual,4,Is it used for relaxing?,yes,3.0,1.66666666667,0.57735026919,1.0,2.0,3.33333333333,1.52752523165,2.0,5.0,-1.33333333333,0.57735026919,-2.0,-1.0,1.11627898092,1.36366177123,-0.0752922830507,yes,1.0
chair,nonvisual,5,Is it found at tables?,yes,1.0,0.0,,0.0,0.0,3.0,,3.0,3.0,0.0,,0.0,0.0,0.0333254000753,0.972272104066,2.35429651505,,
chair,visual,1,Does it have legs?,yes,10.0,1.6,0.69920589878,0.0,2.0,1.5,1.26929551764,1.0,5.0,-1.9,0.316227766017,-2.0,-1.0,1.07296083768,-0.788981398158,-1.10786752224,yes,1.0
chair,visual,2,Is it made of wood?,yes,6.0,1.16666666667,0.98319208025,0.0,2.0,1.83333333333,0.752772652709,1.0,3.0,-0.833333333333,1.16904519445,-2.0,1.0,0.791392906664,-0.397591730997,0.835803516238,yes,1.0
chair,visual,3,Does it have armrests?,yes,4.0,0.25,0.5,0.0,1.0,4.25,0.957427107756,3.0,5.0,-1.25,0.957427107756,-2.0,0.0,0.195768437201,2.43998335592,0.0765570168307,,
chair,visual,4,Does it have a seat?,yes,9.0,1.66666666667,0.5,1.0,2.0,1.88888888889,1.53659074288,1.0,5.0,-1.55555555556,0.527046276695,-2.0,-1.0,1.11627898092,-0.332360119803,-0.480223749401,yes,1.0
chair,visual,5,Does it have a cushion?,yes,6.0,0.5,0.836660026534,0.0,2.0,2.16666666667,1.60208197876,1.0,5.0,-1.16666666667,1.16904519445,-2.0,1.0,0.358211474328,-0.00620206383578,0.228406316712,yes,1.0
chair,nonvisual,1,Is it a fruit?,no,1.0,-2.0,,-2.0,-2.0,5.0,,5.0,5.0,-2.0,,-2.0,-2.0,-1.26621889693,3.32061010703,-1.2900866821,,
chair,nonvisual,2,Is it nutritious?,no,1.0,-2.0,,-2.0,-2.0,1.0,,1.0,1.0,-2.0,,-2.0,-2.0,-1.26621889693,-1.3760658989,-1.2900866821,,
chair,nonvisual,3,Is it a root?,no,5.0,-1.6,0.894427191,-2.0,0.0,3.2,1.48323969742,1.0,5.0,-1.2,1.09544511501,-2.0,0.0,-1.00631003753,1.20710590436,0.16766659676,no,1.0
chair,nonvisual,4,Is it used in circuses?,no,3.0,0.0,0.0,0.0,0.0,4.0,1.0,3.0,5.0,-0.333333333333,1.52752523165,-2.0,1.0,0.0333254000753,2.14644110555,1.74689931553,,
chair,nonvisual,5,Is it an animal?,no,3.0,-2.0,0.0,-2.0,-2.0,2.33333333333,2.30940107676,1.0,5.0,-1.66666666667,0.57735026919,-2.0,-1.0,-1.26621889693,0.189492769745,-0.682689482577,no,1.0
chair,visual,1,Is it long?,no,4.0,-1.0,0.816496580928,-2.0,0.0,2.5,1.29099444874,1.0,4.0,-0.25,0.5,-1.0,0.0,-0.616446748429,0.385187603325,1.89874861541,no,1.0
chair,visual,2,Does it have a tail?,no,8.0,-1.875,0.353553390593,-2.0,-1.0,2.125,1.80772153355,1.0,5.0,-1.75,0.707106781187,-2.0,0.0,-1.18499737837,-0.0551257722309,-0.834538782458,no,1.0
chair,visual,3,Does it have a snout?,no,2.0,-0.5,2.12132034356,-2.0,1.0,2.5,2.12132034356,1.0,4.0,-1.0,1.41421356237,-2.0,0.0,-0.291560674177,0.385187603325,0.532104916475,,
chair,visual,4,Is it orange?,no,2.0,0.0,0.0,0.0,0.0,4.0,0.0,4.0,4.0,-0.5,0.707106781187,-1.0,0.0,0.0333254000753,2.14644110555,1.44320071576,,
chair,visual,5,Does it have a tail?,no,3.0,-2.0,0.0,-2.0,-2.0,3.0,2.0,1.0,5.0,-2.0,0.0,-2.0,-2.0,-1.26621889693,0.972272104066,-1.2900866821,no,1.0
chicken,nonvisual,1,Does it lay eggs?,yes,6.0,1.83333333333,0.408248290464,1.0,2.0,2.16666666667,1.60208197876,1.0,5.0,-2.0,0.0,-2.0,-2.0,1.224574339,-0.00620206383578,-1.2900866821,yes,1.0
chicken,nonvisual,2,Does it live on a farm?,yes,6.0,1.33333333333,0.516397779494,1.0,2.0,2.16666666667,0.98319208025,1.0,3.0,-1.16666666667,0.752772652709,-2.0,0.0,0.899688264748,-0.00620206383578,0.228406316712,yes,1.0
chicken,nonvisual,3,Does it eat grain?,yes,5.0,0.6,1.1401754251,-1.0,2.0,3.0,2.0,1.0,5.0,-1.0,1.73205080757,-2.0,2.0,0.423188689178,0.972272104066,0.532104916475,yes,1.0
chicken,nonvisual,4,Is it eaten by frying?,yes,4.0,1.0,0.816496580928,0.0,2.0,2.0,1.41421356237,1.0,4.0,-1.0,0.816496580928,-2.0,0.0,0.68309754858,-0.201896897416,0.532104916475,yes,1.0
chicken,nonvisual,5,Does it live in a coop?,yes,5.0,1.4,0.547722557505,1.0,2.0,2.8,1.64316767252,1.0,5.0,-0.8,0.836660026534,-2.0,0.0,0.943006407982,0.73743830377,0.896543236191,yes,1.0
chicken,visual,1,Does it have feathers?,yes,2.0,2.0,0.0,2.0,2.0,1.0,0.0,1.0,1.0,-2.0,0.0,-2.0,-2.0,1.33286969708,-1.3760658989,-1.2900866821,yes,1.0
chicken,visual,2,Does it have wings?,yes,2.0,2.0,0.0,2.0,2.0,1.5,0.707106781187,1.0,2.0,-1.5,0.707106781187,-2.0,-1.0,1.33286969708,-0.788981398158,-0.378990882814,yes,1.0
chicken,visual,3,Does it have a beak?,yes,4.0,2.0,0.0,2.0,2.0,1.25,0.5,1.0,2.0,-2.0,0.0,-2.0,-2.0,1.33286969708,-1.08252364853,-1.2900866821,yes,1.0
chicken,visual,4,Does it have legs?,yes,6.0,1.83333333333,0.408248290464,1.0,2.0,1.16666666667,0.408248290464,1.0,2.0,-1.33333333333,0.516397779494,-2.0,-1.0,1.224574339,-1.18037106532,-0.0752922830507,yes,1.0
chicken,nonvisual,1,Is it used for holding liquids?,no,8.0,-2.0,0.0,-2.0,-2.0,2.5,1.19522860933,1.0,4.0,-1.25,1.16496474502,-2.0,1.0,-1.26621889693,0.385187603325,0.0765570168307,no,1.0
chicken,nonvisual,2,Is it a mammal?,no,3.0,-1.66666666667,0.57735026919,-2.0,-1.0,1.33333333333,0.57735026919,1.0,2.0,-1.33333333333,1.15470053838,-2.0,0.0,-1.04962818077,-0.984676231738,-0.0752922830507,no,1.0
chicken,nonvisual,3,Is it used for making jam?,no,3.0,-1.66666666667,0.57735026919,-2.0,-1.0,2.33333333333,0.57735026919,2.0,3.0,-1.66666666667,0.57735026919,-2.0,-1.0,-1.04962818077,0.189492769745,-0.682689482577,no,1.0
chicken,nonvisual,4,Is it worn for the rain?,no,3.0,-2.0,0.0,-2.0,-2.0,1.66666666667,1.15470053838,1.0,3.0,-1.66666666667,0.57735026919,-2.0,-1.0,-1.26621889693,-0.593286564577,-0.682689482577,no,1.0
chicken,nonvisual,5,Is it comfortable?,no,7.0,-0.428571428571,0.534522483825,-1.0,0.0,4.0,1.52752523165,1.0,5.0,-0.142857142857,1.06904496765,-2.0,1.0,-0.245148377855,2.14644110555,2.09398342954,no,1.0
chicken,visual,1,Is it orange?,no,6.0,-1.0,0.632455532034,-2.0,0.0,2.5,1.22474487139,1.0,4.0,-0.833333333333,0.752772652709,-2.0,0.0,-0.616446748429,0.385187603325,0.835803516238,no,1.0
chicken,visual,2,Is it yellow?,no,5.0,-0.6,0.894427191,-2.0,0.0,3.0,1.41421356237,1.0,5.0,-0.6,1.1401754251,-2.0,1.0,-0.356537889027,0.972272104066,1.26098155591,no,1.0
chicken,visual,3,Does it have hooves?,no,10.0,-2.0,0.0,-2.0,-2.0,1.5,1.08012344973,1.0,4.0,-2.0,0.0,-2.0,-2.0,-1.26621889693,-0.788981398158,-1.2900866821,no,1.0
chicken,visual,4,Does it have four legs?,no,4.0,-2.0,0.0,-2.0,-2.0,1.0,0.0,1.0,1.0,-2.0,0.0,-2.0,-2.0,-1.26621889693,-1.3760658989,-1.2900866821,no,1.0
deer,nonvisual,1,Is it hunted by people?,yes,6.0,1.66666666667,0.516397779494,1.0,2.0,1.66666666667,0.516397779494,1.0,2.0,-1.5,0.547722557505,-2.0,-1.0,1.11627898092,-0.593286564577,-0.378990882814,yes,1.0
deer,nonvisual,2,Is it fast?,yes,6.0,1.33333333333,0.816496580928,0.0,2.0,2.16666666667,0.98319208025,1.0,3.0,-1.16666666667,0.752772652709,-2.0,0.0,0.899688264748,-0.00620206383578,0.228406316712,yes,1.0
deer,nonvisual,3,Is it a mammal?,yes,7.0,2.0,0.0,2.0,2.0,3.28571428571,1.70433620649,1.0,5.0,-1.42857142857,0.534522483825,-2.0,-1.0,1.33286969708,1.30774896163,-0.248834340058,yes,1.0
deer,nonvisual,4,Is it an herbivore?,yes,5.0,1.4,0.547722557505,1.0,2.0,3.0,0.707106781187,2.0,4.0,-1.0,1.0,-2.0,0.0,0.943006407982,0.972272104066,0.532104916475,yes,1.0
deer,nonvisual,5,Is it timid?,yes,4.0,0.75,0.5,0.0,1.0,2.0,0.816496580928,1.0,3.0,-0.75,0.5,-1.0,0.0,0.520654511454,-0.201896897416,0.98765281612,yes,1.0
deer,visual,1,Does it have antlers?,yes,5.0,0.8,1.09544511501,0.0,2.0,2.0,1.0,1.0,3.0,-1.0,0.707106781187,-2.0,0.0,0.553143118879,-0.201896897416,0.532104916475,yes,1.0
deer,visual,2,Does it have four legs?,yes,4.0,1.75,0.5,1.0,2.0,2.5,1.91485421551,1.0,5.0,-2.0,0.0,-2.0,-2.0,1.17042665996,0.385187603325,-1.2900866821,yes,1.0
deer,visual,3,Does it have eyes?,yes,7.0,1.85714285714,0.377964473009,1.0,2.0,2.14285714286,1.9518001459,1.0,5.0,-2.0,0.0,-2.0,-2.0,1.24004510444,-0.034158468633,-1.2900866821,yes,1.0
deer,visual,4,Does it have hooves?,yes,2.0,1.5,0.707106781187,1.0,2.0,4.0,0.0,4.0,4.0,-0.5,0.707106781187,-1.0,0.0,1.00798362283,2.14644110555,1.44320071576,yes,1.0
deer,visual,5,Does it have a white tail?,yes,4.0,1.5,1.0,0.0,2.0,1.25,0.5,1.0,2.0,-1.5,1.0,-2.0,0.0,1.00798362283,-1.08252364853,-0.378990882814,yes,1.0
deer,nonvisual,1,Does it live in zoos?,no,5.0,1.2,1.09544511501,0.0,2.0,1.6,0.894427191,1.0,3.0,-1.2,1.09544511501,-2.0,0.0,0.813051978281,-0.671564498009,0.16766659676,yes,0.0
deer,nonvisual,2,Is it smelly?,no,1.0,-2.0,,-2.0,-2.0,1.0,,1.0,1.0,-2.0,,-2.0,-2.0,-1.26621889693,-1.3760658989,-1.2900866821,,
deer,nonvisual,3,Is it loud?,no,6.0,-1.0,0.894427191,-2.0,0.0,1.66666666667,0.816496580928,1.0,3.0,-1.16666666667,0.752772652709,-2.0,0.0,-0.616446748429,-0.593286564577,0.228406316712,no,1.0
deer,nonvisual,4,Does it eat people?,no,6.0,-2.0,0.0,-2.0,-2.0,3.33333333333,1.50554530542,2.0,5.0,-1.5,0.547722557505,-2.0,-1.0,-1.26621889693,1.36366177123,-0.378990882814,no,1.0
deer,nonvisual,5,Is it used for cider?,no,2.0,-2.0,0.0,-2.0,-2.0,3.0,2.82842712475,1.0,5.0,-1.5,0.707106781187,-2.0,-1.0,-1.26621889693,0.972272104066,-0.378990882814,no,1.0
deer,visual,1,Is it yellow?,no,6.0,-1.83333333333,0.408248290464,-2.0,-1.0,1.0,0.0,1.0,1.0,-1.83333333333,0.408248290464,-2.0,-1.0,-1.15792353885,-1.3760658989,-0.98638808234,no,1.0
deer,visual,2,Is it green?,no,5.0,-1.8,0.4472135955,-2.0,-1.0,1.2,0.4472135955,1.0,2.0,-1.8,0.4472135955,-2.0,-1.0,-1.13626446723,-1.1412320986,-0.925648362387,no,1.0
deer,visual,3,Does it have a lid?,no,3.0,-2.0,0.0,-2.0,-2.0,1.0,0.0,1.0,1.0,-2.0,0.0,-2.0,-2.0,-1.26621889693,-1.3760658989,-1.2900866821,no,1.0
deer,visual,4,Does it have a cushion?,no,2.0,-2.0,0.0,-2.0,-2.0,2.5,0.707106781187,2.0,3.0,0.0,1.41421356237,-1.0,1.0,-1.26621889693,0.385187603325,2.35429651505,no,1.0
deer,visual,5,Does it have large teeth?,no,6.0,-0.5,0.836660026534,-1.0,1.0,3.16666666667,1.16904519445,2.0,5.0,-0.5,0.836660026534,-1.0,1.0,-0.291560674177,1.16796693765,1.44320071576,no,1.0
dog,nonvisual,1,Does it bark?,yes,3.0,1.33333333333,0.57735026919,1.0,2.0,1.0,0.0,1.0,1.0,-1.66666666667,0.57735026919,-2.0,-1.0,0.899688264748,-1.3760658989,-0.682689482577,yes,1.0
dog,nonvisual,2,Is it an animal?,yes,2.0,2.0,0.0,2.0,2.0,1.0,0.0,1.0,1.0,-1.5,0.707106781187,-2.0,-1.0,1.33286969708,-1.3760658989,-0.378990882814,yes,1.0
dog,nonvisual,3,Is it a pet?,yes,1.0,2.0,,2.0,2.0,1.0,,1.0,1.0,-2.0,,-2.0,-2.0,1.33286969708,-1.3760658989,-1.2900866821,,
dog,nonvisual,4,Is it used for protection?,yes,5.0,0.2,1.30384048104,-2.0,1.0,2.4,1.1401754251,1.0,4.0,-0.4,1.1401754251,-2.0,1.0,0.163279829776,0.267770703177,1.62541987562,,
dog,nonvisual,5,Does it chase cats?,yes,3.0,0.666666666667,1.15470053838,0.0,2.0,2.0,0.0,2.0,2.0,-1.33333333333,0.57735026919,-2.0,-1.0,0.466506832412,-0.201896897416,-0.0752922830507,,
dog,visual,1,Does it have four legs?,yes,6.0,1.66666666667,0.516397779494,1.0,2.0,1.16666666667,0.408248290464,1.0,2.0,-1.83333333333,0.408248290464,-2.0,-1.0,1.11627898092,-1.18037106532,-0.98638808234,yes,1.0
dog,visual,2,Does it have legs?,yes,5.0,2.0,0.0,2.0,2.0,1.6,0.894427191,1.0,3.0,-2.0,0.0,-2.0,-2.0,1.33286969708,-0.671564498009,-1.2900866821,yes,1.0
dog,visual,3,Does it have a tail?,yes,7.0,1.57142857143,0.534522483825,1.0,2.0,1.14285714286,0.377964473009,1.0,2.0,-1.85714285714,0.377964473009,-2.0,-1.0,1.05439591915,-1.20832747012,-1.02977359659,yes,1.0
dog,visual,4,Does it have hair?,yes,5.0,1.2,0.836660026534,0.0,2.0,2.4,1.3416407865,1.0,4.0,-1.8,0.4472135955,-2.0,-1.0,0.813051978281,0.267770703177,-0.925648362387,yes,1.0
dog,visual,5,Does it have a nose?,yes,3.0,2.0,0.0,2.0,2.0,2.0,1.0,1.0,3.0,-1.66666666667,0.57735026919,-2.0,-1.0,1.33286969708,-0.201896897416,-0.682689482577,yes,1.0
dog,nonvisual,1,Does it hop?,no,5.0,-1.2,0.4472135955,-2.0,-1.0,1.8,0.836660026534,1.0,3.0,-1.2,0.836660026534,-2.0,0.0,-0.74640117813,-0.436730697713,0.16766659676,no,1.0
dog,nonvisual,2,Is it eaten in pies?,no,3.0,-1.66666666667,0.57735026919,-2.0,-1.0,3.0,2.0,1.0,5.0,-0.666666666667,1.15470053838,-2.0,0.0,-1.04962818077,0.972272104066,1.139502116,no,1.0
dog,nonvisual,3,Is it eaten as bacon?,no,5.0,-2.0,0.0,-2.0,-2.0,3.0,2.0,1.0,5.0,-1.8,0.4472135955,-2.0,-1.0,-1.26621889693,0.972272104066,-0.925648362387,no,1.0
dog,nonvisual,4,Is it prickly?,no,2.0,-2.0,0.0,-2.0,-2.0,2.5,2.12132034356,1.0,4.0,-1.5,0.707106781187,-2.0,-1.0,-1.26621889693,0.385187603325,-0.378990882814,no,1.0
dog,nonvisual,5,Does it lay eggs?,no,2.0,-0.5,2.12132034356,-2.0,1.0,3.5,0.707106781187,3.0,4.0,-1.0,1.41421356237,-2.0,0.0,-0.291560674177,1.55935660481,0.532104916475,,
dog,visual,1,Does it have antlers?,no,4.0,-2.0,0.0,-2.0,-2.0,1.75,0.957427107756,1.0,3.0,-1.25,0.957427107756,-2.0,0.0,-1.26621889693,-0.495439147787,0.0765570168307,no,1.0
dog,visual,2,Is it pink?,no,7.0,-1.71428571429,0.487950036474,-2.0,-1.0,1.85714285714,1.57359158494,1.0,5.0,-1.42857142857,0.786795792469,-2.0,0.0,-1.08056971165,-0.369635326199,-0.248834340058,no,1.0
dog,visual,3,Does it have a caboose?,no,3.0,-2.0,0.0,-2.0,-2.0,1.66666666667,1.15470053838,1.0,3.0,-1.0,1.0,-2.0,0.0,-1.26621889693,-0.593286564577,0.532104916475,no,1.0
dog,visual,4,Does it have a top?,no,4.0,-0.25,2.06155281281,-2.0,2.0,2.0,1.41421356237,1.0,4.0,-0.75,0.5,-1.0,0.0,-0.129117637051,-0.201896897416,0.98765281612,,
dog,visual,5,Does it have a mask?,no,7.0,-1.28571428571,0.755928946018,-2.0,0.0,1.28571428571,0.755928946018,1.0,3.0,-1.42857142857,0.786795792469,-2.0,0.0,-0.802095933716,-1.04058904133,-0.248834340058,no,1.0
donkey,nonvisual,1,Is it an animal?,yes,2.0,2.0,0.0,2.0,2.0,1.0,0.0,1.0,1.0,-2.0,0.0,-2.0,-2.0,1.33286969708,-1.3760658989,-1.2900866821,yes,1.0
donkey,nonvisual,2,Is it like a horse?,yes,4.0,1.5,0.57735026919,1.0,2.0,3.25,2.06155281281,1.0,5.0,-1.75,0.5,-2.0,-1.0,1.00798362283,1.26581435444,-0.834538782458,yes,1.0
donkey,nonvisual,3,Is it a mammal?,yes,4.0,2.0,0.0,2.0,2.0,4.0,0.816496580928,3.0,5.0,-1.25,0.957427107756,-2.0,0.0,1.33286969708,2.14644110555,0.0765570168307,yes,1.0
donkey,nonvisual,4,Is it furry?,yes,4.0,1.0,0.816496580928,0.0,2.0,2.0,1.15470053838,1.0,3.0,-0.75,0.957427107756,-2.0,0.0,0.68309754858,-0.201896897416,0.98765281612,yes,1.0
donkey,nonvisual,5,Does it make noises?,yes,3.0,0.666666666667,0.57735026919,0.0,1.0,1.33333333333,0.57735026919,1.0,2.0,-1.0,1.0,-2.0,0.0,0.466506832412,-0.984676231738,0.532104916475,yes,1.0
donkey,visual,1,Does it have legs?,yes,7.0,1.71428571429,0.487950036474,1.0,2.0,1.28571428571,0.755928946018,1.0,3.0,-1.57142857143,0.534522483825,-2.0,-1.0,1.1472205118,-1.04058904133,-0.509147425569,yes,1.0
donkey,visual,2,Does it have four legs?,yes,1.0,2.0,,2.0,2.0,5.0,,5.0,5.0,-2.0,,-2.0,-2.0,1.33286969708,3.32061010703,-1.2900866821,,
donkey,visual,3,Does it have a tail?,yes,4.0,1.75,0.5,1.0,2.0,1.75,0.957427107756,1.0,3.0,-1.5,1.0,-2.0,0.0,1.17042665996,-0.495439147787,-0.378990882814,yes,1.0
donkey,visual,4,Does it have hooves?,yes,4.0,1.25,0.957427107756,0.0,2.0,2.0,0.816496580928,1.0,3.0,-0.75,0.5,-1.0,0.0,0.845540585706,-0.201896897416,0.98765281612,yes,1.0
donkey,nonvisual,1,Does it lay eggs?,no,10.0,-1.8,0.632455532034,-2.0,0.0,2.7,1.4944341181,1.0,5.0,-1.4,0.843274042712,-2.0,0.0,-1.13626446723,0.620021403622,-0.196771722956,no,1.0
donkey,nonvisual,2,Does it grow on trees?,no,3.0,-2.0,0.0,-2.0,-2.0,2.33333333333,2.30940107676,1.0,5.0,-2.0,0.0,-2.0,-2.0,-1.26621889693,0.189492769745,-1.2900866821,no,1.0
donkey,nonvisual,3,Is it furniture?,no,0.0,,,,,,,,,,,,,,,,,
donkey,nonvisual,4,Does it chase cats?,no,3.0,-2.0,0.0,-2.0,-2.0,2.33333333333,2.30940107676,1.0,5.0,-1.0,1.0,-2.0,0.0,-1.26621889693,0.189492769745,0.532104916475,no,1.0
donkey,nonvisual,5,Does it eat peanuts?,no,4.0,0.0,0.816496580928,-1.0,1.0,3.0,0.816496580928,2.0,4.0,-0.75,0.957427107756,-2.0,0.0,0.0333254000753,0.972272104066,0.98765281612,,
donkey,visual,1,Is it round?,no,8.0,-1.5,0.925820099773,-2.0,0.0,1.5,1.06904496765,1.0,4.0,-1.25,0.886405260428,-2.0,0.0,-0.941332822682,-0.788981398158,0.0765570168307,no,1.0
donkey,visual,2,Does it have a pointed end?,no,7.0,-1.42857142857,1.13389341903,-2.0,1.0,1.71428571429,0.755928946018,1.0,3.0,-1.28571428571,0.951189731211,-2.0,0.0,-0.89492052636,-0.537373754983,0.011478745453,no,1.0
donkey,visual,3,Does it have stripes?,no,5.0,-1.2,0.836660026534,-2.0,0.0,2.0,1.73205080757,1.0,5.0,-1.4,0.894427191,-2.0,0.0,-0.74640117813,-0.201896897416,-0.196771722956,no,1.0
donkey,visual,4,Is it small?,no,6.0,-0.666666666667,1.03279555899,-2.0,1.0,1.16666666667,0.408248290464,1.0,2.0,-1.0,0.632455532034,-2.0,0.0,-0.399856032261,-1.18037106532,0.532104916475,no,1.0
elephant,nonvisual,1,Is it an animal?,yes,6.0,1.66666666667,0.816496580928,0.0,2.0,1.16666666667,0.408248290464,1.0,2.0,-1.5,0.836660026534,-2.0,0.0,1.11627898092,-1.18037106532,-0.378990882814,yes,1.0
elephant,nonvisual,2,Does it live in Africa?,yes,6.0,1.33333333333,0.816496580928,0.0,2.0,2.83333333333,1.83484785927,1.0,5.0,-1.33333333333,1.03279555899,-2.0,0.0,0.899688264748,0.776577270486,-0.0752922830507,yes,1.0
elephant,nonvisual,3,Does it live in zoos?,yes,4.0,0.75,0.957427107756,0.0,2.0,2.25,1.25830573921,1.0,4.0,-0.75,0.5,-1.0,0.0,0.520654511454,0.0916453529544,0.98765281612,yes,1.0
elephant,nonvisual,4,Is it used in circuses?,yes,4.0,1.0,0.816496580928,0.0,2.0,1.5,0.57735026919,1.0,2.0,-1.5,0.57735026919,-2.0,-1.0,0.68309754858,-0.788981398158,-0.378990882814,yes,1.0
elephant,nonvisual,5,Does it eat peanuts?,yes,5.0,1.4,0.894427191,0.0,2.0,2.4,1.51657508881,1.0,4.0,-0.6,0.894427191,-2.0,0.0,0.943006407982,0.267770703177,1.26098155591,yes,1.0
elephant,visual,1,Is it grey?,yes,4.0,1.75,0.5,1.0,2.0,1.5,1.0,1.0,3.0,-1.25,1.5,-2.0,1.0,1.17042665996,-0.788981398158,0.0765570168307,yes,1.0
elephant,visual,2,Does it have ears?,yes,6.0,2.0,0.0,2.0,2.0,1.0,0.0,1.0,1.0,-1.66666666667,0.516397779494,-2.0,-1.0,1.33286969708,-1.3760658989,-0.682689482577,yes,1.0
elephant,visual,3,Does it have four legs?,yes,5.0,1.8,0.4472135955,1.0,2.0,1.8,1.788854382,1.0,5.0,-1.8,0.4472135955,-2.0,-1.0,1.20291526738,-0.436730697713,-0.925648362387,yes,1.0
elephant,visual,4,Does it have a tail?,yes,4.0,1.75,0.5,1.0,2.0,2.0,1.41421356237,1.0,4.0,-1.75,0.5,-2.0,-1.0,1.17042665996,-0.201896897416,-0.834538782458,yes,1.0
elephant,visual,5,Does it have large ears?,yes,4.0,1.25,0.957427107756,0.0,2.0,1.25,0.5,1.0,2.0,-1.5,0.57735026919,-2.0,-1.0,0.845540585706,-1.08252364853,-0.378990882814,yes,1.0
elephant,nonvisual,1,Is it a rodent?,no,7.0,-1.71428571429,0.755928946018,-2.0,0.0,3.28571428571,1.79947082168,1.0,5.0,-1.57142857143,0.786795792469,-2.0,0.0,-1.08056971165,1.30774896163,-0.509147425569,no,1.0
elephant,nonvisual,2,Is it a reptile?,no,6.0,-2.0,0.0,-2.0,-2.0,2.66666666667,1.63299316186,1.0,5.0,-1.5,0.836660026534,-2.0,0.0,-1.26621889693,0.580882436906,-0.378990882814,no,1.0
elephant,nonvisual,3,Does it live on farms?,no,10.0,-1.4,0.69920589878,-2.0,0.0,2.9,1.19721899974,1.0,5.0,-1.1,0.737864787373,-2.0,0.0,-0.876355607831,0.854855203918,0.349885756617,no,1.0
elephant,nonvisual,4,Is it furry?,no,1.0,-2.0,,-2.0,-2.0,1.0,,1.0,1.0,-2.0,,-2.0,-2.0,-1.26621889693,-1.3760658989,-1.2900866821,,
elephant,nonvisual,5,Does it lay eggs?,no,8.0,-2.0,0.0,-2.0,-2.0,2.5,1.06904496765,1.0,4.0,-1.875,0.353553390593,-2.0,-1.0,-1.26621889693,0.385187603325,-1.06231273228,no,1.0
elephant,visual,1,Is it made of wood?,no,1.0,-2.0,,-2.0,-2.0,1.0,,1.0,1.0,-2.0,,-2.0,-2.0,-1.26621889693,-1.3760658989,-1.2900866821,,
elephant,visual,2,Does it have scales?,no,4.0,-1.75,0.5,-2.0,-1.0,1.75,0.957427107756,1.0,3.0,-1.0,1.15470053838,-2.0,0.0,-1.10377585981,-0.495439147787,0.532104916475,no,1.0
elephant,visual,3,Is it beige?,no,3.0,-0.666666666667,1.52752523165,-2.0,1.0,1.0,0.0,1.0,1.0,-1.33333333333,0.57735026919,-2.0,-1.0,-0.399856032261,-1.3760658989,-0.0752922830507,,
elephant,visual,4,Does it have fur?,no,4.0,-1.75,0.5,-2.0,-1.0,1.75,0.957427107756,1.0,3.0,-1.25,1.5,-2.0,1.0,-1.10377585981,-0.495439147787,0.0765570168307,no,1.0
elephant,visual,5,Does it have hooves?,no,7.0,-1.42857142857,1.13389341903,-2.0,1.0,2.42857142857,1.27241802056,1.0,4.0,-0.857142857143,0.899735410842,-2.0,1.0,-0.89492052636,0.301318388933,0.792418001986,no,1.0
giraffe,nonvisual,1,Does it eat leaves?,yes,4.0,1.75,0.5,1.0,2.0,1.75,0.957427107756,1.0,3.0,-1.75,0.5,-2.0,-1.0,1.17042665996,-0.495439147787,-0.834538782458,yes,1.0
giraffe,nonvisual,2,Does it live in Africa?,yes,4.0,1.5,0.57735026919,1.0,2.0,3.25,1.70782512766,1.0,5.0,-1.25,0.957427107756,-2.0,0.0,1.00798362283,1.26581435444,0.0765570168307,yes,1.0
giraffe,nonvisual,3,Does it live in zoos?,yes,6.0,1.5,0.836660026534,0.0,2.0,1.5,1.22474487139,1.0,4.0,-1.5,0.547722557505,-2.0,-1.0,1.00798362283,-0.788981398158,-0.378990882814,yes,1.0
giraffe,nonvisual,4,Is it a mammal?,yes,6.0,1.5,0.836660026534,0.0,2.0,2.0,0.894427191,1.0,3.0,-1.16666666667,0.98319208025,-2.0,0.0,1.00798362283,-0.201896897416,0.228406316712,yes,1.0
giraffe,visual,1,Does it have spots?,yes,6.0,1.33333333333,0.516397779494,1.0,2.0,2.0,1.26491106407,1.0,4.0,-1.33333333333,0.816496580928,-2.0,0.0,0.899688264748,-0.201896897416,-0.0752922830507,yes,1.0
giraffe,visual,2,Is it tall?,yes,3.0,1.33333333333,0.57735026919,1.0,2.0,2.0,1.73205080757,1.0,4.0,-1.33333333333,0.57735026919,-2.0,-1.0,0.899688264748,-0.201896897416,-0.0752922830507,yes,1.0
giraffe,visual,3,Does it have long legs?,yes,5.0,1.6,0.894427191,0.0,2.0,1.4,0.547722557505,1.0,2.0,-1.4,1.3416407865,-2.0,1.0,1.07296083768,-0.906398298306,-0.196771722956,yes,1.0
giraffe,visual,4,Is it brown?,yes,3.0,0.333333333333,1.52752523165,-1.0,2.0,1.0,0.0,1.0,1.0,-1.0,1.0,-2.0,0.0,0.249916116243,-1.3760658989,0.532104916475,,
giraffe,nonvisual,1,Is it eaten by frying?,no,6.0,-1.5,0.836660026534,-2.0,0.0,3.33333333333,1.8618986725,1.0,5.0,-0.833333333333,1.47196014439,-2.0,1.0,-0.941332822682,1.36366177123,0.835803516238,no,1.0
giraffe,nonvisual,2,Is it hunted by people?,no,7.0,-0.428571428571,0.975900072949,-2.0,1.0,2.85714285714,1.77281052086,1.0,5.0,-0.857142857143,1.06904496765,-2.0,1.0,-0.245148377855,0.804533675283,0.792418001986,no,1.0
giraffe,nonvisual,3,Does it live in grass?,no,6.0,0.0,1.09544511501,-2.0,1.0,2.83333333333,1.83484785927,1.0,5.0,-0.166666666667,1.16904519445,-2.0,1.0,0.0333254000753,0.776577270486,2.05059791529,,
giraffe,nonvisual,4,Is it an insect?,no,9.0,-2.0,0.0,-2.0,-2.0,2.11111111111,1.76383420738,1.0,5.0,-1.88888888889,0.333333333333,-2.0,-1.0,-1.26621889693,-0.0714336750293,-1.08762094893,no,1.0
giraffe,visual,1,Is it green?,no,4.0,-1.75,0.5,-2.0,-1.0,2.5,1.73205080757,1.0,4.0,-1.0,1.41421356237,-2.0,1.0,-1.10377585981,0.385187603325,0.532104916475,no,1.0
giraffe,visual,2,Does it have warts?,no,5.0,-0.6,1.1401754251,-2.0,1.0,3.6,0.547722557505,3.0,4.0,0.8,0.836660026534,0.0,2.0,-0.356537889027,1.67677350496,3.81204979392,no,1.0
giraffe,visual,3,Is it muddy?,no,3.0,-1.0,1.0,-2.0,0.0,2.0,1.73205080757,1.0,4.0,-1.0,1.0,-2.0,0.0,-0.616446748429,-0.201896897416,0.532104916475,no,1.0
giraffe,visual,4,Does it have antennae?,no,9.0,-0.777777777778,1.71593835683,-2.0,2.0,2.44444444444,1.33333333333,1.0,4.0,-0.666666666667,1.11803398875,-2.0,1.0,-0.47205293765,0.319955992132,1.139502116,no,1.0
grasshopper,nonvisual,1,Is it an insect?,yes,4.0,2.0,0.0,2.0,2.0,2.5,1.91485421551,1.0,5.0,-1.75,0.5,-2.0,-1.0,1.33286969708,0.385187603325,-0.834538782458,yes,1.0
grasshopper,nonvisual,2,Does it live in grass?,yes,9.0,1.66666666667,0.5,1.0,2.0,1.88888888889,1.36422546198,1.0,5.0,-1.77777777778,0.440958551844,-2.0,-1.0,1.11627898092,-0.332360119803,-0.885155215752,yes,1.0
grasshopper,nonvisual,3,Is it found in summer?,yes,5.0,1.4,0.894427191,0.0,2.0,2.2,0.836660026534,1.0,3.0,-1.2,0.836660026534,-2.0,0.0,0.943006407982,0.0329369028803,0.16766659676,yes,1.0
grasshopper,nonvisual,4,Does it fly?,yes,6.0,-0.833333333333,0.752772652709,-2.0,0.0,2.0,0.894427191,1.0,3.0,-0.333333333333,0.816496580928,-1.0,1.0,-0.508151390345,-0.201896897416,1.74689931553,no,0.0
grasshopper,visual,1,Is it green?,yes,1.0,1.0,,1.0,1.0,5.0,,5.0,5.0,-1.0,,-1.0,-1.0,0.68309754858,3.32061010703,0.532104916475,,
grasshopper,visual,2,Does it have legs?,yes,4.0,1.75,0.5,1.0,2.0,1.75,1.5,1.0,4.0,-1.75,0.5,-2.0,-1.0,1.17042665996,-0.495439147787,-0.834538782458,yes,1.0
grasshopper,visual,3,Does it have long legs?,yes,6.0,1.16666666667,1.16904519445,-1.0,2.0,1.83333333333,0.752772652709,1.0,3.0,-1.0,1.09544511501,-2.0,1.0,0.791392906664,-0.397591730997,0.532104916475,yes,1.0
grasshopper,visual,4,Does it have antennae?,yes,2.0,1.0,0.0,1.0,1.0,2.5,0.707106781187,2.0,3.0,-1.0,1.41421356237,-2.0,0.0,0.68309754858,0.385187603325,0.532104916475,yes,1.0
grasshopper,nonvisual,1,Does it require a conductor?,no,5.0,-1.8,0.4472135955,-2.0,-1.0,3.2,1.64316767252,1.0,5.0,-1.2,1.09544511501,-2.0,0.0,-1.13626446723,1.20710590436,0.16766659676,no,1.0
grasshopper,nonvisual,2,Is it hunted by people?,no,5.0,-0.2,0.4472135955,-1.0,0.0,3.2,1.48323969742,1.0,5.0,-0.6,0.894427191,-2.0,0.0,-0.0966290296256,1.20710590436,1.26098155591,,
grasshopper,nonvisual,3,Does it taste good?,no,7.0,-0.285714285714,0.487950036474,-1.0,0.0,2.0,1.52752523165,1.0,5.0,-0.857142857143,1.34518541827,-2.0,1.0,-0.152323785212,-0.201896897416,0.792418001986,no,1.0
grasshopper,nonvisual,4,Is it unable to fly?,no,1.0,0.0,,0.0,0.0,3.0,,3.0,3.0,1.0,,1.0,1.0,0.0333254000753,0.972272104066,4.17648811363,,
grasshopper,visual,1,Is it made of wood?,no,4.0,-2.0,0.0,-2.0,-2.0,1.75,0.957427107756,1.0,3.0,-1.75,0.5,-2.0,-1.0,-1.26621889693,-0.495439147787,-0.834538782458,no,1.0
grasshopper,visual,2,Does it have teeth?,no,7.0,-1.28571428571,0.755928946018,-2.0,0.0,2.0,1.0,1.0,3.0,0.142857142857,1.21498579259,-2.0,2.0,-0.802095933716,-0.201896897416,2.61460960056,no,1.0
grasshopper,visual,3,Does it have an engine?,no,4.0,-2.0,0.0,-2.0,-2.0,1.5,1.0,1.0,3.0,-2.0,0.0,-2.0,-2.0,-1.26621889693,-0.788981398158,-1.2900866821,no,1.0
grasshopper,visual,4,Is it long?,no,7.0,-0.571428571429,1.13389341903,-2.0,1.0,1.28571428571,0.487950036474,1.0,2.0,-1.28571428571,0.951189731211,-2.0,0.0,-0.337972970499,-1.04058904133,0.011478745453,no,1.0
jacket,nonvisual,1,Is it clothing?,yes,6.0,2.0,0.0,2.0,2.0,3.0,1.67332005307,1.0,5.0,-1.33333333333,0.816496580928,-2.0,0.0,1.33286969708,0.972272104066,-0.0752922830507,yes,1.0
jacket,nonvisual,2,Is it worn in cold temperatures?,yes,4.0,2.0,0.0,2.0,2.0,1.25,0.5,1.0,2.0,-1.5,0.57735026919,-2.0,-1.0,1.33286969708,-1.08252364853,-0.378990882814,yes,1.0
jacket,nonvisual,3,Is it worn in winter?,yes,3.0,1.66666666667,0.57735026919,1.0,2.0,2.66666666667,0.57735026919,2.0,3.0,-1.66666666667,0.57735026919,-2.0,-1.0,1.11627898092,0.580882436906,-0.682689482577,yes,1.0
jacket,nonvisual,4,Is it worn for the rain?,yes,7.0,0.714285714286,0.755928946018,0.0,2.0,2.71428571429,1.25356634106,1.0,4.0,-0.714285714286,0.951189731211,-2.0,1.0,0.497448363293,0.6367952465,1.0527310875,yes,1.0
jacket,visual,1,Does it have a zipper?,yes,2.0,0.5,0.707106781187,0.0,1.0,1.0,0.0,1.0,1.0,-1.5,0.707106781187,-2.0,-1.0,0.358211474328,-1.3760658989,-0.378990882814,,
jacket,visual,2,Does it have pockets?,yes,4.0,0.75,0.5,0.0,1.0,2.5,1.91485421551,1.0,5.0,-1.75,0.5,-2.0,-1.0,0.520654511454,0.385187603325,-0.834538782458,yes,1.0
jacket,visual,3,Does it have a hood?,yes,8.0,0.25,0.462910049886,0.0,1.0,1.875,1.45773797371,1.0,5.0,-1.0,0.925820099773,-2.0,0.0,0.195768437201,-0.348668022602,0.532104916475,yes,1.0
jacket,visual,4,Does it have sleeves?,yes,4.0,1.75,0.5,1.0,2.0,1.0,0.0,1.0,1.0,-1.5,0.57735026919,-2.0,-1.0,1.17042665996,-1.3760658989,-0.378990882814,yes,1.0
jacket,nonvisual,1,Is it a vegetable?,no,8.0,-1.375,1.18773493917,-2.0,1.0,2.5,1.60356745147,1.0,5.0,-1.375,1.18773493917,-2.0,1.0,-0.860111304118,0.385187603325,-0.151216932991,no,1.0
jacket,nonvisual,2,Does it eat leaves?,no,2.0,-2.0,0.0,-2.0,-2.0,1.0,0.0,1.0,1.0,-2.0,0.0,-2.0,-2.0,-1.26621889693,-1.3760658989,-1.2900866821,no,1.0
jacket,nonvisual,3,Is it an animal?,no,10.0,-1.9,0.316227766017,-2.0,-1.0,2.3,1.25166555703,1.0,4.0,-1.3,0.823272602349,-2.0,0.0,-1.20124168208,0.150353803029,-0.0145525630981,no,1.0
jacket,nonvisual,4,Does it live in Africa?,no,4.0,-1.5,1.0,-2.0,0.0,4.5,1.0,3.0,5.0,-0.75,1.5,-2.0,1.0,-0.941332822682,2.73352560629,0.98765281612,no,1.0
jacket,visual,1,Does it have ears?,no,6.0,-2.0,0.0,-2.0,-2.0,1.66666666667,1.63299316186,1.0,5.0,-1.83333333333,0.408248290464,-2.0,-1.0,-1.26621889693,-0.593286564577,-0.98638808234,no,1.0
jacket,visual,2,Is it green?,no,5.0,0.0,0.0,0.0,0.0,1.6,1.3416407865,1.0,4.0,-1.4,0.894427191,-2.0,0.0,0.0333254000753,-0.671564498009,-0.196771722956,,
jacket,visual,3,Is it tall?,no,8.0,-1.25,0.886405260428,-2.0,0.0,1.875,0.834522960396,1.0,3.0,-0.5,1.19522860933,-2.0,1.0,-0.778889785555,-0.348668022602,1.44320071576,no,1.0
jacket,visual,4,Does it have hair?,no,7.0,-1.0,0.816496580928,-2.0,0.0,1.57142857143,0.975900072949,1.0,3.0,-1.0,1.15470053838,-2.0,1.0,-0.616446748429,-0.705112183766,0.532104916475,no,1.0
lion,nonvisual,1,Is it an animal?,yes,5.0,2.0,0.0,2.0,2.0,1.8,1.09544511501,1.0,3.0,-1.6,0.547722557505,-2.0,-1.0,1.33286969708,-0.436730697713,-0.561210042672,yes,1.0
lion,nonvisual,2,Is it a carnivore?,yes,4.0,1.5,1.0,0.0,2.0,3.25,1.25830573921,2.0,5.0,-1.25,0.957427107756,-2.0,0.0,1.00798362283,1.26581435444,0.0765570168307,yes,1.0
lion,nonvisual,3,Is it a mammal?,yes,6.0,1.66666666667,0.816496580928,0.0,2.0,3.83333333333,0.408248290464,3.0,4.0,-0.666666666667,0.816496580928,-2.0,0.0,1.11627898092,1.95074627197,1.139502116,yes,1.0
lion,nonvisual,4,Does it live in jungles?,yes,5.0,-0.6,1.67332005307,-2.0,2.0,2.8,0.836660026534,2.0,4.0,-1.0,0.707106781187,-2.0,0.0,-0.356537889027,0.73743830377,0.532104916475,,
lion,nonvisual,5,Does it roar?,yes,1.0,2.0,,2.0,2.0,4.0,,4.0,4.0,-1.0,,-1.0,-1.0,1.33286969708,2.14644110555,0.532104916475,,
lion,visual,1,Does it have a mane?,yes,2.0,1.0,1.41421356237,0.0,2.0,2.5,0.707106781187,2.0,3.0,-1.5,0.707106781187,-2.0,-1.0,0.68309754858,0.385187603325,-0.378990882814,,
lion,visual,2,Does it have fur?,yes,7.0,2.0,0.0,2.0,2.0,1.71428571429,1.25356634106,1.0,4.0,-1.57142857143,0.534522483825,-2.0,-1.0,1.33286969708,-0.537373754983,-0.509147425569,yes,1.0
lion,visual,3,Does it have a tail?,yes,4.0,2.0,0.0,2.0,2.0,1.0,0.0,1.0,1.0,-2.0,0.0,-2.0,-2.0,1.33286969708,-1.3760658989,-1.2900866821,yes,1.0
lion,visual,4,Does it have teeth?,yes,2.0,2.0,0.0,2.0,2.0,1.0,0.0,1.0,1.0,-1.5,0.707106781187,-2.0,-1.0,1.33286969708,-1.3760658989,-0.378990882814,yes,1.0
lion,nonvisual,1,Is it found in kitchens?,no,2.0,-2.0,0.0,-2.0,-2.0,3.0,2.82842712475,1.0,5.0,-1.5,0.707106781187,-2.0,-1.0,-1.26621889693,0.972272104066,-0.378990882814,no,1.0
lion,nonvisual,2,Does it eat cheese?,no,6.0,-1.0,0.632455532034,-2.0,0.0,1.83333333333,0.752772652709,1.0,3.0,-1.0,0.894427191,-2.0,0.0,-0.616446748429,-0.397591730997,0.532104916475,no,1.0
lion,nonvisual,3,Does it waddle?,no,3.0,-1.33333333333,1.15470053838,-2.0,0.0,1.33333333333,0.57735026919,1.0,2.0,-1.33333333333,1.15470053838,-2.0,0.0,-0.833037464597,-0.984676231738,-0.0752922830507,no,1.0
lion,nonvisual,4,Does it lay eggs?,no,2.0,-2.0,0.0,-2.0,-2.0,3.0,2.82842712475,1.0,5.0,-2.0,0.0,-2.0,-2.0,-1.26621889693,0.972272104066,-1.2900866821,no,1.0
lion,visual,1,Is it grey?,no,8.0,-1.75,0.707106781187,-2.0,0.0,1.25,0.707106781187,1.0,3.0,-1.625,0.744023809143,-2.0,0.0,-1.10377585981,-1.08252364853,-0.606764832636,no,1.0
lion,visual,2,Does it have long legs?,no,2.0,0.0,1.41421356237,-1.0,1.0,3.0,1.41421356237,2.0,4.0,-1.0,0.0,-1.0,-1.0,0.0333254000753,0.972272104066,0.532104916475,,
lion,visual,3,Does it have wings?,no,10.0,-1.9,0.316227766017,-2.0,-1.0,2.6,1.57762127549,1.0,5.0,-1.8,0.421637021356,-2.0,-1.0,-1.20124168208,0.502604503473,-0.925648362387,no,1.0
lion,visual,4,Is it yellow inside?,no,7.0,-1.14285714286,0.690065559342,-2.0,0.0,2.14285714286,1.06904496765,1.0,4.0,0.0,1.0,-2.0,1.0,-0.709271341073,-0.034158468633,2.35429651505,no,1.0
lion,visual,5,Does it have a long neck?,no,4.0,-2.0,0.0,-2.0,-2.0,1.0,0.0,1.0,1.0,-1.75,0.5,-2.0,-1.0,-1.26621889693,-1.3760658989,-0.834538782458,no,1.0
mouse,nonvisual,1,Is it a rodent?,yes,1.0,2.0,,2.0,2.0,4.0,,4.0,4.0,-1.0,,-1.0,-1.0,1.33286969708,2.14644110555,0.532104916475,,
mouse,nonvisual,2,Is it an animal?,yes,5.0,2.0,0.0,2.0,2.0,2.0,1.73205080757,1.0,5.0,-1.8,0.4472135955,-2.0,-1.0,1.33286969708,-0.201896897416,-0.925648362387,yes,1.0
mouse,nonvisual,3,Does it eat?,yes,6.0,2.0,0.0,2.0,2.0,2.33333333333,1.21106014164,1.0,4.0,-1.83333333333,0.408248290464,-2.0,-1.0,1.33286969708,0.189492769745,-0.98638808234,yes,1.0
mouse,nonvisual,4,Is it used in experiments?,yes,2.0,1.5,0.707106781187,1.0,2.0,2.5,2.12132034356,1.0,4.0,-1.0,1.41421356237,-2.0,0.0,1.00798362283,0.385187603325,0.532104916475,yes,1.0
mouse,nonvisual,5,Does it eat cheese?,yes,4.0,1.0,0.816496580928,0.0,2.0,2.25,0.957427107756,1.0,3.0,-0.5,1.73205080757,-2.0,2.0,0.68309754858,0.0916453529544,1.44320071576,yes,1.0
mouse,visual,1,Does it have a tail?,yes,4.0,2.0,0.0,2.0,2.0,1.25,0.5,1.0,2.0,-2.0,0.0,-2.0,-2.0,1.33286969708,-1.08252364853,-1.2900866821,yes,1.0
mouse,visual,2,Is it grey?,yes,10.0,0.6,0.516397779494,0.0,1.0,1.6,1.26491106407,1.0,5.0,-1.3,0.674948557711,-2.0,0.0,0.423188689178,-0.671564498009,-0.0145525630981,yes,1.0
mouse,visual,3,Does it have fur?,yes,2.0,2.0,0.0,2.0,2.0,1.0,0.0,1.0,1.0,-1.5,0.707106781187,-2.0,-1.0,1.33286969708,-1.3760658989,-0.378990882814,yes,1.0
mouse,visual,4,Does it have whiskers?,yes,2.0,1.0,0.0,1.0,1.0,2.5,0.707106781187,2.0,3.0,-1.0,0.0,-1.0,-1.0,0.68309754858,0.385187603325,0.532104916475,yes,1.0
mouse,nonvisual,1,Is it a fruit?,no,4.0,-2.0,0.0,-2.0,-2.0,3.0,2.30940107676,1.0,5.0,-2.0,0.0,-2.0,-2.0,-1.26621889693,0.972272104066,-1.2900866821,no,1.0
mouse,nonvisual,2,Is it used for transportation?,no,2.0,-2.0,0.0,-2.0,-2.0,1.0,0.0,1.0,1.0,-2.0,0.0,-2.0,-2.0,-1.26621889693,-1.3760658989,-1.2900866821,no,1.0
mouse,nonvisual,3,Does it live in zoos?,no,5.0,-0.4,1.1401754251,-2.0,1.0,2.6,1.3416407865,1.0,4.0,-1.0,0.707106781187,-2.0,0.0,-0.226583459327,0.502604503473,0.532104916475,,
mouse,nonvisual,4,Does it live on water?,no,5.0,-2.0,0.0,-2.0,-2.0,1.6,0.894427191,1.0,3.0,-2.0,0.0,-2.0,-2.0,-1.26621889693,-0.671564498009,-1.2900866821,no,1.0
mouse,nonvisual,5,Is it hunted by people?,no,2.0,-0.5,2.12132034356,-2.0,1.0,1.5,0.707106781187,1.0,2.0,-2.0,0.0,-2.0,-2.0,-0.291560674177,-0.788981398158,-1.2900866821,,
mouse,visual,1,Does it have gears?,no,5.0,-2.0,0.0,-2.0,-2.0,2.4,1.67332005307,1.0,5.0,-1.8,0.4472135955,-2.0,-1.0,-1.26621889693,0.267770703177,-0.925648362387,no,1.0
mouse,visual,2,Is it large?,no,1.0,-1.0,,-1.0,-1.0,2.0,,2.0,2.0,-1.0,,-1.0,-1.0,-0.616446748429,-0.201896897416,0.532104916475,,
mouse,visual,3,Does it have stripes?,no,4.0,-1.75,0.5,-2.0,-1.0,1.5,1.0,1.0,3.0,-1.5,1.0,-2.0,0.0,-1.10377585981,-0.788981398158,-0.378990882814,no,1.0
mouse,visual,4,Does it have a white tail?,no,3.0,-0.666666666667,1.15470053838,-2.0,0.0,3.0,1.0,2.0,4.0,0.666666666667,0.57735026919,0.0,1.0,-0.399856032261,0.972272104066,3.56909091411,,
penguin,nonvisual,1,Is it a bird?,yes,3.0,1.66666666667,0.57735026919,1.0,2.0,1.0,0.0,1.0,1.0,-1.66666666667,0.57735026919,-2.0,-1.0,1.11627898092,-1.3760658989,-0.682689482577,yes,1.0
penguin,nonvisual,2,Is it unable to fly?,yes,4.0,1.75,0.5,1.0,2.0,3.75,0.957427107756,3.0,5.0,-0.75,1.5,-2.0,1.0,1.17042665996,1.85289885518,0.98765281612,yes,1.0
penguin,nonvisual,3,Does it live in the Arctic?,yes,4.0,1.0,0.816496580928,0.0,2.0,2.0,1.41421356237,1.0,4.0,-0.5,1.29099444874,-2.0,1.0,0.68309754858,-0.201896897416,1.44320071576,yes,1.0
penguin,nonvisual,4,Does it lay eggs?,yes,4.0,1.5,1.0,0.0,2.0,2.0,1.15470053838,1.0,3.0,-1.5,1.0,-2.0,0.0,1.00798362283,-0.201896897416,-0.378990882814,yes,1.0
penguin,nonvisual,5,Does it waddle?,yes,9.0,1.44444444444,1.01379375505,-1.0,2.0,1.55555555556,0.881917103688,1.0,3.0,-1.44444444444,0.726483157257,-2.0,0.0,0.971885170137,-0.723749786964,-0.277758016226,yes,1.0
penguin,visual,1,Is it black?,yes,5.0,0.8,0.4472135955,0.0,1.0,1.8,1.09544511501,1.0,3.0,-0.2,1.30384048104,-2.0,1.0,0.553143118879,-0.436730697713,1.98985819534,yes,1.0
penguin,visual,2,Does it have a beak?,yes,4.0,1.75,0.5,1.0,2.0,2.75,1.25830573921,1.0,4.0,-2.0,0.0,-2.0,-2.0,1.17042665996,0.678729853696,-1.2900866821,yes,1.0
penguin,visual,3,Does it have feet?,yes,6.0,1.0,1.67332005307,-2.0,2.0,1.33333333333,0.816496580928,1.0,3.0,-1.0,0.894427191,-2.0,0.0,0.68309754858,-0.984676231738,0.532104916475,yes,1.0
penguin,visual,4,Does it have wings?,yes,3.0,1.66666666667,0.57735026919,1.0,2.0,1.33333333333,0.57735026919,1.0,2.0,-1.66666666667,0.57735026919,-2.0,-1.0,1.11627898092,-0.984676231738,-0.682689482577,yes,1.0
penguin,nonvisual,1,Is it like a horse?,no,3.0,-2.0,0.0,-2.0,-2.0,1.33333333333,0.57735026919,1.0,2.0,-1.66666666667,0.57735026919,-2.0,-1.0,-1.26621889693,-0.984676231738,-0.682689482577,no,1.0
penguin,nonvisual,2,Is it breakable?,no,4.0,-1.25,1.5,-2.0,1.0,2.0,1.41421356237,1.0,4.0,-1.25,0.957427107756,-2.0,0.0,-0.778889785555,-0.201896897416,0.0765570168307,no,1.0
penguin,nonvisual,3,Is it an herbivore?,no,6.0,-1.5,0.547722557505,-2.0,-1.0,3.16666666667,0.752772652709,2.0,4.0,-0.833333333333,0.98319208025,-2.0,0.0,-0.941332822682,1.16796693765,0.835803516238,no,1.0
penguin,nonvisual,4,Does it like mud?,no,5.0,-0.6,0.894427191,-2.0,0.0,4.0,1.0,3.0,5.0,-0.8,1.30384048104,-2.0,1.0,-0.356537889027,2.14644110555,0.896543236191,no,1.0
penguin,nonvisual,5,Does it eat grain?,no,2.0,-1.5,0.707106781187,-2.0,-1.0,2.5,2.12132034356,1.0,4.0,0.0,0.0,0.0,0.0,-0.941332822682,0.385187603325,2.35429651505,no,1.0
penguin,visual,1,Is it red?,no,3.0,-2.0,0.0,-2.0,-2.0,1.0,0.0,1.0,1.0,-1.66666666667,0.57735026919,-2.0,-1.0,-1.26621889693,-1.3760658989,-0.682689482577,no,1.0
penguin,visual,2,Does it have a tail?,no,2.0,0.0,0.0,0.0,0.0,4.0,1.41421356237,3.0,5.0,0.5,0.707106781187,0.0,1.0,0.0333254000753,2.14644110555,3.26539231434,,
penguin,visual,3,Does it have four legs?,no,10.0,-2.0,0.0,-2.0,-2.0,1.0,0.0,1.0,1.0,-1.8,0.421637021356,-2.0,-1.0,-1.26621889693,-1.3760658989,-0.925648362387,no,1.0
penguin,visual,4,Is it long?,no,5.0,-1.4,0.894427191,-2.0,0.0,2.6,1.67332005307,1.0,5.0,-0.6,1.1401754251,-2.0,1.0,-0.876355607831,0.502604503473,1.26098155591,no,1.0
pig,nonvisual,1,Is it an animal?,yes,5.0,2.0,0.0,2.0,2.0,2.6,1.81659021246,1.0,5.0,-2.0,0.0,-2.0,-2.0,1.33286969708,0.502604503473,-1.2900866821,yes,1.0
pig,nonvisual,2,Does it live on farms?,yes,2.0,2.0,0.0,2.0,2.0,1.5,0.707106781187,1.0,2.0,-2.0,0.0,-2.0,-2.0,1.33286969708,-0.788981398158,-1.2900866821,yes,1.0
pig,nonvisual,3,Is it eaten as bacon?,yes,7.0,1.71428571429,0.487950036474,1.0,2.0,3.57142857143,1.13389341903,2.0,5.0,-1.42857142857,0.786795792469,-2.0,0.0,1.1472205118,1.6432258192,-0.248834340058,yes,1.0
pig,nonvisual,4,Is it smelly?,yes,4.0,1.0,0.816496580928,0.0,2.0,1.75,1.5,1.0,4.0,-2.0,0.0,-2.0,-2.0,0.68309754858,-0.495439147787,-1.2900866821,yes,1.0
pig,nonvisual,5,Does it like mud?,yes,6.0,1.33333333333,0.816496580928,0.0,2.0,2.5,1.37840487521,1.0,5.0,-0.5,1.22474487139,-2.0,1.0,0.899688264748,0.385187603325,1.44320071576,yes,1.0
pig,visual,1,Is it pink?,yes,3.0,0.666666666667,0.57735026919,0.0,1.0,1.0,0.0,1.0,1.0,-1.66666666667,0.57735026919,-2.0,-1.0,0.466506832412,-1.3760658989,-0.682689482577,yes,1.0
pig,visual,2,Does it have a tail?,yes,7.0,2.0,0.0,2.0,2.0,1.42857142857,0.786795792469,1.0,3.0,-1.85714285714,0.377964473009,-2.0,-1.0,1.33286969708,-0.872850612549,-1.02977359659,yes,1.0
pig,visual,3,Does it have a snout?,yes,5.0,1.6,0.547722557505,1.0,2.0,1.4,0.894427191,1.0,3.0,-1.4,0.894427191,-2.0,0.0,1.07296083768,-0.906398298306,-0.196771722956,yes,1.0
pig,visual,4,Does it have legs?,yes,5.0,2.0,0.0,2.0,2.0,1.8,1.788854382,1.0,5.0,-2.0,0.0,-2.0,-2.0,1.33286969708,-0.436730697713,-1.2900866821,yes,1.0
pig,visual,5,Is it muddy?,yes,7.0,0.428571428571,1.39727626201,-2.0,2.0,2.14285714286,1.6761634197,1.0,5.0,-1.0,0.816496580928,-2.0,0.0,0.311799178006,-0.034158468633,0.532104916475,,
pig,nonvisual,1,Is it tropical?,no,3.0,-1.0,1.0,-2.0,0.0,3.0,1.0,2.0,4.0,-0.333333333333,1.52752523165,-2.0,1.0,-0.616446748429,0.972272104066,1.74689931553,no,1.0
pig,nonvisual,2,Is it a bird?,no,2.0,-2.0,0.0,-2.0,-2.0,1.0,0.0,1.0,1.0,-1.5,0.707106781187,-2.0,-1.0,-1.26621889693,-1.3760658989,-0.378990882814,no,1.0
pig,nonvisual,3,Does it live in India?,no,5.0,0.2,0.4472135955,0.0,1.0,3.2,1.788854382,1.0,5.0,-0.6,1.1401754251,-2.0,1.0,0.163279829776,1.20710590436,1.26098155591,,
pig,nonvisual,4,Does it grow on trees?,no,2.0,-2.0,0.0,-2.0,-2.0,1.0,0.0,1.0,1.0,-2.0,0.0,-2.0,-2.0,-1.26621889693,-1.3760658989,-1.2900866821,no,1.0
pig,nonvisual,5,Does it grow in Hawaii?,no,4.0,0.0,1.63299316186,-2.0,2.0,4.25,0.5,4.0,5.0,0.0,0.816496580928,-1.0,1.0,0.0333254000753,2.43998335592,2.35429651505,,
pig,visual,1,Is it made of glass?,no,5.0,-2.0,0.0,-2.0,-2.0,1.8,1.788854382,1.0,5.0,-1.8,0.4472135955,-2.0,-1.0,-1.26621889693,-0.436730697713,-0.925648362387,no,1.0
pig,visual,2,Does it have wings?,no,3.0,-2.0,0.0,-2.0,-2.0,1.66666666667,1.15470053838,1.0,3.0,-2.0,0.0,-2.0,-2.0,-1.26621889693,-0.593286564577,-1.2900866821,no,1.0
pig,visual,3,Does it have whiskers?,no,10.0,-0.1,1.79195734076,-2.0,2.0,1.9,1.28668393771,1.0,4.0,-1.4,0.843274042712,-2.0,0.0,-0.0316518147751,-0.319313797564,-0.196771722956,,
pig,visual,4,Does it have feathers?,no,4.0,-2.0,0.0,-2.0,-2.0,1.5,1.0,1.0,3.0,-2.0,0.0,-2.0,-2.0,-1.26621889693,-0.788981398158,-1.2900866821,no,1.0
pig,visual,5,Does it have fur?,no,5.0,-1.2,1.30384048104,-2.0,1.0,1.8,1.30384048104,1.0,4.0,-0.8,0.836660026534,-2.0,0.0,-0.74640117813,-0.436730697713,0.896543236191,no,1.0
pineapple,nonvisual,1,Is it juicy?,yes,4.0,0.5,0.57735026919,0.0,1.0,1.25,0.5,1.0,2.0,-1.0,0.816496580928,-2.0,0.0,0.358211474328,-1.08252364853,0.532104916475,yes,1.0
pineapple,nonvisual,2,Is it tropical?,yes,4.0,1.25,0.957427107756,0.0,2.0,2.5,1.91485421551,1.0,5.0,-1.5,1.0,-2.0,0.0,0.845540585706,0.385187603325,-0.378990882814,yes,1.0
pineapple,nonvisual,3,Does it grow on trees?,yes,5.0,0.2,2.04939015319,-2.0,2.0,2.0,1.0,1.0,3.0,-1.0,1.41421356237,-2.0,1.0,0.163279829776,-0.201896897416,0.532104916475,,
pineapple,nonvisual,4,Does it grow in Hawaii?,yes,2.0,1.5,0.707106781187,1.0,2.0,3.0,2.82842712475,1.0,5.0,-1.5,0.707106781187,-2.0,-1.0,1.00798362283,0.972272104066,-0.378990882814,yes,1.0
pineapple,nonvisual,5,Is it prickly?,yes,4.0,1.5,0.57735026919,1.0,2.0,1.25,0.5,1.0,2.0,-1.25,0.5,-2.0,-1.0,1.00798362283,-1.08252364853,0.0765570168307,yes,1.0
pineapple,visual,1,Is it yellow?,yes,3.0,1.66666666667,0.57735026919,1.0,2.0,1.0,0.0,1.0,1.0,-1.33333333333,0.57735026919,-2.0,-1.0,1.11627898092,-1.3760658989,-0.0752922830507,yes,1.0
pineapple,visual,2,Does it have an inside?,yes,3.0,2.0,0.0,2.0,2.0,1.0,0.0,1.0,1.0,-2.0,0.0,-2.0,-2.0,1.33286969708,-1.3760658989,-1.2900866821,yes,1.0
pineapple,visual,3,Does it have skin?,yes,3.0,1.0,0.0,1.0,1.0,2.66666666667,1.15470053838,2.0,4.0,-0.666666666667,1.15470053838,-2.0,0.0,0.68309754858,0.580882436906,1.139502116,yes,1.0
pineapple,visual,4,Is it yellow inside?,yes,3.0,1.0,1.73205080757,-1.0,2.0,1.66666666667,0.57735026919,1.0,2.0,-1.33333333333,0.57735026919,-2.0,-1.0,0.68309754858,-0.593286564577,-0.0752922830507,,
pineapple,visual,5,Does it have a core?,yes,5.0,1.8,0.4472135955,1.0,2.0,1.8,1.788854382,1.0,5.0,-1.8,0.4472135955,-2.0,-1.0,1.20291526738,-0.436730697713,-0.925648362387,yes,1.0
pineapple,nonvisual,1,Is it an animal?,no,3.0,-2.0,0.0,-2.0,-2.0,2.66666666667,1.52752523165,1.0,4.0,-1.66666666667,0.57735026919,-2.0,-1.0,-1.26621889693,0.580882436906,-0.682689482577,no,1.0
pineapple,nonvisual,2,Is it clothing?,no,7.0,-2.0,0.0,-2.0,-2.0,1.57142857143,1.51185789204,1.0,5.0,-2.0,0.0,-2.0,-2.0,-1.26621889693,-0.705112183766,-1.2900866821,no,1.0
pineapple,nonvisual,3,Is it a carnivore?,no,2.0,-2.0,0.0,-2.0,-2.0,3.0,2.82842712475,1.0,5.0,-2.0,0.0,-2.0,-2.0,-1.26621889693,0.972272104066,-1.2900866821,no,1.0
pineapple,nonvisual,4,Is it used for racing?,no,2.0,-2.0,0.0,-2.0,-2.0,4.5,0.707106781187,4.0,5.0,-1.5,0.707106781187,-2.0,-1.0,-1.26621889693,2.73352560629,-0.378990882814,no,1.0
pineapple,nonvisual,5,Is it a pet?,no,4.0,-2.0,0.0,-2.0,-2.0,2.5,1.91485421551,1.0,5.0,-1.75,0.5,-2.0,-1.0,-1.26621889693,0.385187603325,-0.834538782458,no,1.0
pineapple,visual,1,Does it have legs?,no,2.0,-2.0,0.0,-2.0,-2.0,1.0,0.0,1.0,1.0,-2.0,0.0,-2.0,-2.0,-1.26621889693,-1.3760658989,-1.2900866821,no,1.0
pineapple,visual,2,Does it have a seat?,no,5.0,-1.6,0.894427191,-2.0,0.0,1.2,0.4472135955,1.0,2.0,-1.6,0.547722557505,-2.0,-1.0,-1.00631003753,-1.1412320986,-0.561210042672,no,1.0
pineapple,visual,3,Does it have whiskers?,no,1.0,-2.0,,-2.0,-2.0,1.0,,1.0,1.0,-2.0,,-2.0,-2.0,-1.26621889693,-1.3760658989,-1.2900866821,,
pineapple,visual,4,Does it have legs?,no,5.0,-2.0,0.0,-2.0,-2.0,1.8,1.30384048104,1.0,4.0,-1.4,0.894427191,-2.0,0.0,-1.26621889693,-0.436730697713,-0.196771722956,no,1.0
pineapple,visual,5,Does it have a tail?,no,3.0,-1.66666666667,0.57735026919,-2.0,-1.0,1.66666666667,1.15470053838,1.0,3.0,-1.0,1.0,-2.0,0.0,-1.04962818077,-0.593286564577,0.532104916475,no,1.0
rabbit,nonvisual,1,Does it hop?,yes,6.0,1.66666666667,0.516397779494,1.0,2.0,1.66666666667,1.63299316186,1.0,5.0,-2.0,0.0,-2.0,-2.0,1.11627898092,-0.593286564577,-1.2900866821,yes,1.0
rabbit,nonvisual,2,Is it a pet?,yes,1.0,2.0,,2.0,2.0,3.0,,3.0,3.0,-2.0,,-2.0,-2.0,1.33286969708,0.972272104066,-1.2900866821,,
rabbit,nonvisual,3,Is it edible?,yes,3.0,2.0,0.0,2.0,2.0,2.66666666667,2.08166599947,1.0,5.0,-1.0,0.0,-1.0,-1.0,1.33286969708,0.580882436906,0.532104916475,yes,1.0
rabbit,nonvisual,4,Is it hunted by people?,yes,6.0,1.0,1.26491106407,-1.0,2.0,3.33333333333,1.8618986725,1.0,5.0,-0.833333333333,0.98319208025,-2.0,0.0,0.68309754858,1.36366177123,0.835803516238,yes,1.0
rabbit,nonvisual,5,Does it eat carrots?,yes,6.0,1.16666666667,1.16904519445,-1.0,2.0,2.66666666667,1.63299316186,1.0,5.0,-1.0,1.26491106407,-2.0,1.0,0.791392906664,0.580882436906,0.532104916475,yes,1.0
rabbit,visual,1,Does it have ears?,yes,4.0,2.0,0.0,2.0,2.0,1.25,0.5,1.0,2.0,-1.75,0.5,-2.0,-1.0,1.33286969708,-1.08252364853,-0.834538782458,yes,1.0
rabbit,visual,2,Does it have feet?,yes,5.0,2.0,0.0,2.0,2.0,2.8,1.788854382,1.0,5.0,-1.6,0.894427191,-2.0,0.0,1.33286969708,0.73743830377,-0.561210042672,yes,1.0
rabbit,visual,3,Does it have whiskers?,yes,7.0,1.14285714286,1.46385010942,-2.0,2.0,1.85714285714,1.21498579259,1.0,4.0,-1.57142857143,0.786795792469,-2.0,0.0,0.775922141223,-0.369635326199,-0.509147425569,yes,1.0
rabbit,visual,4,Does it have a tail?,yes,2.0,1.5,0.707106781187,1.0,2.0,1.5,0.707106781187,1.0,2.0,-1.5,0.707106781187,-2.0,-1.0,1.00798362283,-0.788981398158,-0.378990882814,yes,1.0
rabbit,nonvisual,1,Does it live in zoos?,no,2.0,0.5,0.707106781187,0.0,1.0,2.0,0.0,2.0,2.0,-0.5,0.707106781187,-1.0,0.0,0.358211474328,-0.201896897416,1.44320071576,,
rabbit,nonvisual,2,Does it make noises?,no,5.0,0.4,0.894427191,-1.0,1.0,1.4,0.894427191,1.0,3.0,-1.0,1.0,-2.0,0.0,0.293234259477,-0.906398298306,0.532104916475,yes,0.0
rabbit,nonvisual,3,Does it roar?,no,2.0,-2.0,0.0,-2.0,-2.0,2.0,0.0,2.0,2.0,-1.0,0.0,-1.0,-1.0,-1.26621889693,-0.201896897416,0.532104916475,no,1.0
rabbit,nonvisual,4,Is it used for making jam?,no,6.0,-2.0,0.0,-2.0,-2.0,3.33333333333,1.63299316186,1.0,5.0,-1.83333333333,0.408248290464,-2.0,-1.0,-1.26621889693,1.36366177123,-0.98638808234,no,1.0
rabbit,nonvisual,5,Is it a fruit?,no,5.0,-2.0,0.0,-2.0,-2.0,3.2,2.04939015319,1.0,5.0,-1.6,0.547722557505,-2.0,-1.0,-1.26621889693,1.20710590436,-0.561210042672,no,1.0
rabbit,visual,1,Does it have spots?,no,8.0,-0.375,0.744023809143,-2.0,0.0,2.375,1.92260983338,1.0,5.0,-1.375,0.744023809143,-2.0,0.0,-0.210339155614,0.23841647814,-0.151216932991,no,1.0
rabbit,visual,2,Is it made of metal?,no,9.0,-1.44444444444,0.881917103688,-2.0,0.0,1.44444444444,1.01379375505,1.0,4.0,-1.55555555556,0.726483157257,-2.0,0.0,-0.905234369987,-0.854213009351,-0.480223749401,no,1.0
rabbit,visual,3,Does it have a seat?,no,2.0,-2.0,0.0,-2.0,-2.0,1.5,0.707106781187,1.0,2.0,-1.0,1.41421356237,-2.0,0.0,-1.26621889693,-0.788981398158,0.532104916475,no,1.0
rabbit,visual,4,Is it flat?,no,8.0,-1.5,0.925820099773,-2.0,0.0,1.75,1.03509833901,1.0,3.0,-1.375,0.916125381313,-2.0,0.0,-0.941332822682,-0.495439147787,-0.151216932991,no,1.0
raccoon,nonvisual,1,Does it eat garbage?,yes,5.0,0.8,0.836660026534,0.0,2.0,3.2,1.48323969742,1.0,5.0,-1.6,0.547722557505,-2.0,-1.0,0.553143118879,1.20710590436,-0.561210042672,yes,1.0
raccoon,nonvisual,2,Is it furry?,yes,7.0,1.71428571429,0.487950036474,1.0,2.0,1.57142857143,1.51185789204,1.0,5.0,-1.57142857143,0.534522483825,-2.0,-1.0,1.1472205118,-0.705112183766,-0.509147425569,yes,1.0
raccoon,nonvisual,3,Is it nocturnal?,yes,0.0,,,,,,,,,,,,,,,,,
raccoon,nonvisual,4,Does it produce offspring?,yes,4.0,2.0,0.0,2.0,2.0,1.5,0.57735026919,1.0,2.0,-1.0,1.15470053838,-2.0,0.0,1.33286969708,-0.788981398158,0.532104916475,yes,1.0
raccoon,visual,1,Is it black?,yes,5.0,0.2,1.09544511501,-1.0,2.0,1.4,0.547722557505,1.0,2.0,-0.8,1.09544511501,-2.0,0.0,0.163279829776,-0.906398298306,0.896543236191,,
raccoon,visual,2,Does it have a tail?,yes,9.0,1.77777777778,0.440958551844,1.0,2.0,1.33333333333,0.707106781187,1.0,3.0,-1.55555555556,1.01379375505,-2.0,1.0,1.18847588631,-0.984676231738,-0.480223749401,yes,1.0
raccoon,visual,3,Does it have eyes?,yes,7.0,2.0,0.0,2.0,2.0,1.57142857143,0.786795792469,1.0,3.0,-1.85714285714,0.377964473009,-2.0,-1.0,1.33286969708,-0.705112183766,-1.02977359659,yes,1.0
raccoon,visual,4,Does it have stripes?,yes,2.0,0.5,0.707106781187,0.0,1.0,3.0,1.41421356237,2.0,4.0,-0.5,0.707106781187,-1.0,0.0,0.358211474328,0.972272104066,1.44320071576,,
raccoon,visual,5,Does it have a mask?,yes,7.0,-1.14285714286,1.46385010942,-2.0,1.0,2.71428571429,1.60356745147,1.0,5.0,-1.57142857143,0.786795792469,-2.0,0.0,-0.709271341073,0.6367952465,-0.509147425569,no,0.0
raccoon,nonvisual,1,Does it hop?,no,4.0,-1.5,0.57735026919,-2.0,-1.0,1.75,0.957427107756,1.0,3.0,-1.25,0.957427107756,-2.0,0.0,-0.941332822682,-0.495439147787,0.0765570168307,no,1.0
raccoon,nonvisual,2,Is it used for protection?,no,5.0,-1.2,1.09544511501,-2.0,0.0,3.6,1.3416407865,2.0,5.0,-0.6,1.3416407865,-2.0,1.0,-0.74640117813,1.67677350496,1.26098155591,no,1.0
raccoon,nonvisual,3,Is it used for holding beer?,no,2.0,-2.0,0.0,-2.0,-2.0,1.0,0.0,1.0,1.0,-1.5,0.707106781187,-2.0,-1.0,-1.26621889693,-1.3760658989,-0.378990882814,no,1.0
raccoon,nonvisual,4,Does it spit?,no,2.0,1.0,0.0,1.0,1.0,3.0,0.0,3.0,3.0,0.5,0.707106781187,0.0,1.0,0.68309754858,0.972272104066,3.26539231434,yes,0.0
raccoon,visual,1,Does it have a mane?,no,5.0,-1.6,0.547722557505,-2.0,-1.0,2.0,1.0,1.0,3.0,-1.0,1.0,-2.0,0.0,-1.00631003753,-0.201896897416,0.532104916475,no,1.0
raccoon,visual,2,Does it have seeds?,no,7.0,-1.71428571429,0.755928946018,-2.0,0.0,2.71428571429,1.49602648309,1.0,5.0,-1.71428571429,0.487950036474,-2.0,-1.0,-1.08056971165,0.6367952465,-0.76946051108,no,1.0
raccoon,visual,3,Does it have green leaves?,no,1.0,-2.0,,-2.0,-2.0,4.0,,4.0,4.0,-1.0,,-1.0,-1.0,-1.26621889693,2.14644110555,0.532104916475,,
raccoon,visual,4,Does it have a long neck?,no,5.0,-0.8,1.788854382,-2.0,2.0,1.8,1.30384048104,1.0,4.0,-1.2,1.09544511501,-2.0,0.0,-0.486492318728,-0.436730697713,0.16766659676,no,1.0
raccoon,visual,5,Does it have a beak?,no,5.0,-2.0,0.0,-2.0,-2.0,2.4,1.94935886896,1.0,5.0,-2.0,0.0,-2.0,-2.0,-1.26621889693,0.267770703177,-1.2900866821,no,1.0
strawberry,nonvisual,1,Is it a fruit?,yes,6.0,1.66666666667,0.816496580928,0.0,2.0,3.33333333333,1.9663841605,1.0,5.0,-1.66666666667,0.516397779494,-2.0,-1.0,1.11627898092,1.36366177123,-0.682689482577,yes,1.0
strawberry,nonvisual,2,Does it taste sweet?,yes,7.0,1.57142857143,0.786795792469,0.0,2.0,1.42857142857,0.786795792469,1.0,3.0,-1.28571428571,0.755928946018,-2.0,0.0,1.05439591915,-0.872850612549,0.011478745453,yes,1.0
strawberry,nonvisual,3,Is it used for making jam?,yes,7.0,1.42857142857,1.13389341903,-1.0,2.0,2.28571428571,1.49602648309,1.0,5.0,-1.0,1.15470053838,-2.0,1.0,0.96157132651,0.13357996015,0.532104916475,yes,1.0
strawberry,nonvisual,4,Does it taste good?,yes,2.0,1.5,0.707106781187,1.0,2.0,1.0,0.0,1.0,1.0,-2.0,0.0,-2.0,-2.0,1.00798362283,-1.3760658989,-1.2900866821,yes,1.0
strawberry,visual,1,Is it red?,yes,4.0,1.5,0.57735026919,1.0,2.0,1.0,0.0,1.0,1.0,-1.75,0.5,-2.0,-1.0,1.00798362283,-1.3760658989,-0.834538782458,yes,1.0
strawberry,visual,2,Does it have seeds?,yes,3.0,1.0,1.0,0.0,2.0,1.66666666667,1.15470053838,1.0,3.0,-1.0,1.73205080757,-2.0,1.0,0.68309754858,-0.593286564577,0.532104916475,yes,1.0
strawberry,visual,3,Does it have green leaves?,yes,5.0,0.4,1.51657508881,-2.0,2.0,2.0,1.22474487139,1.0,4.0,-1.0,0.707106781187,-2.0,0.0,0.293234259477,-0.201896897416,0.532104916475,,
strawberry,visual,4,Is it small?,yes,2.0,1.5,0.707106781187,1.0,2.0,2.5,2.12132034356,1.0,4.0,-2.0,0.0,-2.0,-2.0,1.00798362283,0.385187603325,-1.2900866821,yes,1.0
strawberry,nonvisual,1,Is is used for riding?,no,1.0,-2.0,,-2.0,-2.0,4.0,,4.0,4.0,-1.0,,-1.0,-1.0,-1.26621889693,2.14644110555,0.532104916475,,
strawberry,nonvisual,2,Is it an insect?,no,5.0,-2.0,0.0,-2.0,-2.0,1.8,0.836660026534,1.0,3.0,-2.0,0.0,-2.0,-2.0,-1.26621889693,-0.436730697713,-1.2900866821,no,1.0
strawberry,nonvisual,3,Is it furniture?,no,2.0,-2.0,0.0,-2.0,-2.0,1.5,0.707106781187,1.0,2.0,-1.5,0.707106781187,-2.0,-1.0,-1.26621889693,-0.788981398158,-0.378990882814,no,1.0
strawberry,nonvisual,4,Does it eat?,no,3.0,-0.666666666667,2.30940107676,-2.0,2.0,2.0,1.0,1.0,3.0,-1.33333333333,0.57735026919,-2.0,-1.0,-0.399856032261,-0.201896897416,-0.0752922830507,,
strawberry,visual,1,Does it have four legs?,no,2.0,-2.0,0.0,-2.0,-2.0,1.0,0.0,1.0,1.0,-2.0,0.0,-2.0,-2.0,-1.26621889693,-1.3760658989,-1.2900866821,no,1.0
strawberry,visual,2,Does it have a tail?,no,5.0,-2.0,0.0,-2.0,-2.0,2.0,1.41421356237,1.0,4.0,-2.0,0.0,-2.0,-2.0,-1.26621889693,-0.201896897416,-1.2900866821,no,1.0
strawberry,visual,3,Does it have a mane?,no,3.0,-2.0,0.0,-2.0,-2.0,1.0,0.0,1.0,1.0,-1.66666666667,0.57735026919,-2.0,-1.0,-1.26621889693,-1.3760658989,-0.682689482577,no,1.0
strawberry,visual,4,Does it have ears?,no,4.0,-2.0,0.0,-2.0,-2.0,1.0,0.0,1.0,1.0,-1.5,1.0,-2.0,0.0,-1.26621889693,-1.3760658989,-0.378990882814,no,1.0
swan,nonvisual,1,Is it graceful?,yes,7.0,1.57142857143,0.534522483825,1.0,2.0,1.71428571429,1.49602648309,1.0,5.0,-1.57142857143,1.13389341903,-2.0,1.0,1.05439591915,-0.537373754983,-0.509147425569,yes,1.0
swan,nonvisual,2,Is it a bird?,yes,5.0,2.0,0.0,2.0,2.0,1.6,0.547722557505,1.0,2.0,-1.6,0.547722557505,-2.0,-1.0,1.33286969708,-0.671564498009,-0.561210042672,yes,1.0
swan,nonvisual,3,Does it live on water?,yes,8.0,1.25,0.886405260428,0.0,2.0,2.25,1.75254916377,1.0,5.0,-1.0,1.30930734142,-2.0,1.0,0.845540585706,0.0916453529544,0.532104916475,yes,1.0
swan,nonvisual,4,Does it lay eggs?,yes,3.0,2.0,0.0,2.0,2.0,1.33333333333,0.57735026919,1.0,2.0,-1.33333333333,1.15470053838,-2.0,0.0,1.33286969708,-0.984676231738,-0.0752922830507,yes,1.0
swan,visual,1,Does it have a long neck?,yes,5.0,1.4,0.547722557505,1.0,2.0,2.6,1.51657508881,1.0,5.0,-1.4,0.894427191,-2.0,0.0,0.943006407982,0.502604503473,-0.196771722956,yes,1.0
swan,visual,2,Does it have a beak?,yes,5.0,0.8,1.64316767252,-2.0,2.0,2.8,1.788854382,1.0,5.0,-0.8,0.836660026534,-2.0,0.0,0.553143118879,0.73743830377,0.896543236191,yes,1.0
swan,visual,3,Does it have feathers?,yes,5.0,1.8,0.4472135955,1.0,2.0,2.6,1.51657508881,1.0,4.0,-2.0,0.0,-2.0,-2.0,1.20291526738,0.502604503473,-1.2900866821,yes,1.0
swan,visual,4,Does it have wings?,yes,2.0,2.0,0.0,2.0,2.0,1.0,0.0,1.0,1.0,-2.0,0.0,-2.0,-2.0,1.33286969708,-1.3760658989,-1.2900866821,yes,1.0
swan,nonvisual,1,Is it used by riding?,no,6.0,-1.83333333333,0.408248290464,-2.0,-1.0,2.33333333333,1.50554530542,1.0,4.0,-1.66666666667,0.516397779494,-2.0,-1.0,-1.15792353885,0.189492769745,-0.682689482577,no,1.0
swan,nonvisual,2,Does it grow on trees?,no,5.0,-2.0,0.0,-2.0,-2.0,3.0,1.87082869339,1.0,5.0,-1.8,0.4472135955,-2.0,-1.0,-1.26621889693,0.972272104066,-0.925648362387,no,1.0
swan,nonvisual,3,Is it found in dining rooms?,no,6.0,-1.16666666667,1.16904519445,-2.0,1.0,2.66666666667,1.63299316186,1.0,5.0,-1.33333333333,0.816496580928,-2.0,0.0,-0.724742106513,0.580882436906,-0.0752922830507,no,1.0
swan,nonvisual,4,Does it travel in herds?,no,6.0,-0.333333333333,1.50554530542,-2.0,2.0,2.66666666667,1.50554530542,1.0,5.0,-0.666666666667,1.21106014164,-2.0,1.0,-0.183265316093,0.580882436906,1.139502116,,
swan,visual,1,Does it have a hump?,no,2.0,-1.5,0.707106781187,-2.0,-1.0,2.5,0.707106781187,2.0,3.0,-1.0,0.0,-1.0,-1.0,-0.941332822682,0.385187603325,0.532104916475,no,1.0
swan,visual,2,Does it have a tail?,no,4.0,-1.0,2.0,-2.0,2.0,1.75,0.957427107756,1.0,3.0,-1.25,0.957427107756,-2.0,0.0,-0.616446748429,-0.495439147787,0.0765570168307,,
swan,visual,3,Does it have four legs?,no,5.0,-1.6,0.894427191,-2.0,0.0,2.0,1.0,1.0,3.0,-0.8,1.09544511501,-2.0,1.0,-1.00631003753,-0.201896897416,0.896543236191,no,1.0
swan,visual,4,Is it made of wood?,no,4.0,-1.25,0.957427107756,-2.0,0.0,1.5,0.57735026919,1.0,2.0,-0.5,1.0,-2.0,0.0,-0.778889785555,-0.788981398158,1.44320071576,no,1.0
table,nonvisual,1,Is it used for eating on?,yes,4.0,1.25,0.957427107756,0.0,2.0,2.75,0.957427107756,2.0,4.0,-1.0,0.816496580928,-2.0,0.0,0.845540585706,0.678729853696,0.532104916475,yes,1.0
table,nonvisual,2,Is it found in kitchens?,yes,3.0,2.0,0.0,2.0,2.0,1.66666666667,1.15470053838,1.0,3.0,-2.0,0.0,-2.0,-2.0,1.33286969708,-0.593286564577,-1.2900866821,yes,1.0
table,nonvisual,3,Is it found in dining rooms?,yes,4.0,1.75,0.5,1.0,2.0,2.25,0.957427107756,1.0,3.0,-1.5,0.57735026919,-2.0,-1.0,1.17042665996,0.0916453529544,-0.378990882814,yes,1.0
table,nonvisual,4,Is it furniture?,yes,7.0,2.0,0.0,2.0,2.0,2.42857142857,1.61834718743,1.0,5.0,-1.57142857143,1.13389341903,-2.0,1.0,1.33286969708,0.301318388933,-0.509147425569,yes,1.0
table,visual,1,Is it made of wood?,yes,2.0,0.5,0.707106781187,0.0,1.0,2.5,2.12132034356,1.0,4.0,-1.5,0.707106781187,-2.0,-1.0,0.358211474328,0.385187603325,-0.378990882814,,
table,visual,2,Is it round?,yes,2.0,0.0,0.0,0.0,0.0,1.0,0.0,1.0,1.0,-1.5,0.707106781187,-2.0,-1.0,0.0333254000753,-1.3760658989,-0.378990882814,,
table,visual,3,Does it have legs?,yes,4.0,2.0,0.0,2.0,2.0,1.75,1.5,1.0,4.0,-1.5,1.0,-2.0,0.0,1.33286969708,-0.495439147787,-0.378990882814,yes,1.0
table,visual,4,Is it flat?,yes,2.0,2.0,0.0,2.0,2.0,1.0,0.0,1.0,1.0,-1.5,0.707106781187,-2.0,-1.0,1.33286969708,-1.3760658989,-0.378990882814,yes,1.0
table,nonvisual,1,Is it an animal?,no,3.0,0.333333333333,1.52752523165,-1.0,2.0,3.33333333333,1.15470053838,2.0,4.0,0.333333333333,0.57735026919,0.0,1.0,0.249916116243,1.36366177123,2.96169371458,,
table,nonvisual,2,Is it a mammal?,no,6.0,-2.0,0.0,-2.0,-2.0,2.5,1.64316767252,1.0,5.0,-1.16666666667,0.752772652709,-2.0,0.0,-1.26621889693,0.385187603325,0.228406316712,no,1.0
table,nonvisual,3,Is it healthy?,no,4.0,-1.0,0.816496580928,-2.0,0.0,4.0,1.15470053838,3.0,5.0,0.5,1.0,0.0,2.0,-0.616446748429,2.14644110555,3.26539231434,no,1.0
table,nonvisual,4,Does it grow in Hawaii?,no,5.0,-1.8,0.4472135955,-2.0,-1.0,2.6,2.19089023002,1.0,5.0,-1.2,0.836660026534,-2.0,0.0,-1.13626446723,0.502604503473,0.16766659676,no,1.0
table,visual,1,Does it have a neck?,no,5.0,-1.4,0.894427191,-2.0,0.0,2.8,1.30384048104,1.0,4.0,-1.0,1.0,-2.0,0.0,-0.876355607831,0.73743830377,0.532104916475,no,1.0
table,visual,2,Does it have a nose?,no,4.0,-1.0,2.0,-2.0,2.0,1.5,1.0,1.0,3.0,-2.0,0.0,-2.0,-2.0,-0.616446748429,-0.788981398158,-1.2900866821,,
table,visual,3,Does it have a tail?,no,5.0,-2.0,0.0,-2.0,-2.0,2.2,1.30384048104,1.0,4.0,-1.8,0.4472135955,-2.0,-1.0,-1.26621889693,0.0329369028803,-0.925648362387,no,1.0
table,visual,4,Does it have a skin?,no,2.0,-2.0,0.0,-2.0,-2.0,1.0,0.0,1.0,1.0,-2.0,0.0,-2.0,-2.0,-1.26621889693,-1.3760658989,-1.2900866821,no,1.0
tiger,nonvisual,1,Is it a carnivore?,yes,4.0,2.0,0.0,2.0,2.0,2.25,1.5,1.0,4.0,-1.75,0.5,-2.0,-1.0,1.33286969708,0.0916453529544,-0.834538782458,yes,1.0
tiger,nonvisual,2,Is it an animal?,yes,4.0,2.0,0.0,2.0,2.0,2.0,1.41421356237,1.0,4.0,-1.75,0.5,-2.0,-1.0,1.33286969708,-0.201896897416,-0.834538782458,yes,1.0
tiger,nonvisual,3,Does it live in Africa?,yes,2.0,0.0,0.0,0.0,0.0,3.0,2.82842712475,1.0,5.0,-1.0,0.0,-1.0,-1.0,0.0333254000753,0.972272104066,0.532104916475,,
tiger,nonvisual,4,Does it live in zoos?,yes,6.0,0.333333333333,0.816496580928,0.0,2.0,3.16666666667,1.47196014439,1.0,5.0,-1.16666666667,0.98319208025,-2.0,0.0,0.249916116243,1.16796693765,0.228406316712,,
tiger,nonvisual,5,Does it live in India?,yes,3.0,1.33333333333,1.15470053838,0.0,2.0,2.0,1.0,1.0,3.0,-1.0,1.73205080757,-2.0,1.0,0.899688264748,-0.201896897416,0.532104916475,yes,1.0
tiger,visual,1,Does it have stripes?,yes,4.0,1.5,0.57735026919,1.0,2.0,2.75,1.25830573921,1.0,4.0,-1.0,0.816496580928,-2.0,0.0,1.00798362283,0.678729853696,0.532104916475,yes,1.0
tiger,visual,2,Does it have teeth?,yes,1.0,2.0,,2.0,2.0,3.0,,3.0,3.0,-2.0,,-2.0,-2.0,1.33286969708,0.972272104066,-1.2900866821,,
tiger,visual,3,Is it orange?,yes,4.0,1.0,0.816496580928,0.0,2.0,1.75,0.5,1.0,2.0,-1.0,0.816496580928,-2.0,0.0,0.68309754858,-0.495439147787,0.532104916475,yes,1.0
tiger,visual,4,Does it have whiskers?,yes,3.0,2.0,0.0,2.0,2.0,2.66666666667,2.08166599947,1.0,5.0,-1.66666666667,0.57735026919,-2.0,-1.0,1.33286969708,0.580882436906,-0.682689482577,yes,1.0
tiger,visual,5,Does it have large teeth?,yes,5.0,1.2,0.836660026534,0.0,2.0,2.4,1.1401754251,1.0,4.0,-1.0,0.707106781187,-2.0,0.0,0.813051978281,0.267770703177,0.532104916475,yes,1.0
tiger,nonvisual,1,Is it used for sitting on?,no,2.0,-2.0,0.0,-2.0,-2.0,4.0,1.41421356237,3.0,5.0,-1.5,0.707106781187,-2.0,-1.0,-1.26621889693,2.14644110555,-0.378990882814,no,1.0
tiger,nonvisual,2,Does it taste sweet?,no,3.0,-2.0,0.0,-2.0,-2.0,1.0,0.0,1.0,1.0,-1.66666666667,0.57735026919,-2.0,-1.0,-1.26621889693,-1.3760658989,-0.682689482577,no,1.0
tiger,nonvisual,3,Does it grow underground?,no,4.0,-2.0,0.0,-2.0,-2.0,1.0,0.0,1.0,1.0,-1.75,0.5,-2.0,-1.0,-1.26621889693,-1.3760658989,-0.834538782458,no,1.0
tiger,nonvisual,4,Is it worn in winter?,no,2.0,-1.5,0.707106781187,-2.0,-1.0,2.0,1.41421356237,1.0,3.0,-1.5,0.707106781187,-2.0,-1.0,-0.941332822682,-0.201896897416,-0.378990882814,no,1.0
tiger,nonvisual,5,Is it used for relaxing?,no,2.0,-1.5,0.707106781187,-2.0,-1.0,3.0,2.82842712475,1.0,5.0,-1.5,0.707106781187,-2.0,-1.0,-0.941332822682,0.972272104066,-0.378990882814,no,1.0
tiger,visual,1,Is it black?,no,4.0,-1.0,0.816496580928,-2.0,0.0,1.5,0.57735026919,1.0,2.0,-1.25,0.957427107756,-2.0,0.0,-0.616446748429,-0.788981398158,0.0765570168307,no,1.0
tiger,visual,2,Is it brown?,no,6.0,-0.833333333333,1.16904519445,-2.0,1.0,1.5,0.836660026534,1.0,3.0,-0.833333333333,1.16904519445,-2.0,1.0,-0.508151390345,-0.788981398158,0.835803516238,no,1.0
tiger,visual,3,Does it have large ears?,no,2.0,-0.5,0.707106781187,-1.0,0.0,1.5,0.707106781187,1.0,2.0,-1.0,1.41421356237,-2.0,0.0,-0.291560674177,-0.788981398158,0.532104916475,,
tiger,visual,4,Is it yellow inside?,no,3.0,-2.0,0.0,-2.0,-2.0,2.0,1.73205080757,1.0,4.0,-1.33333333333,0.57735026919,-2.0,-1.0,-1.26621889693,-0.201896897416,-0.0752922830507,no,1.0
tiger,visual,5,Does it have warts?,no,4.0,-1.25,0.957427107756,-2.0,0.0,4.25,0.957427107756,3.0,5.0,-0.75,1.5,-2.0,1.0,-0.778889785555,2.43998335592,0.98765281612,no,1.0
toad,nonvisual,1,Does it eat?,yes,2.0,2.0,0.0,2.0,2.0,2.0,1.41421356237,1.0,3.0,-1.5,0.707106781187,-2.0,-1.0,1.33286969708,-0.201896897416,-0.378990882814,yes,1.0
toad,nonvisual,2,Does it hop?,yes,2.0,1.5,0.707106781187,1.0,2.0,1.5,0.707106781187,1.0,2.0,-1.5,0.707106781187,-2.0,-1.0,1.00798362283,-0.788981398158,-0.378990882814,yes,1.0
toad,nonvisual,3,Is it an amphibian?,yes,4.0,1.75,0.5,1.0,2.0,4.0,1.41421356237,2.0,5.0,-0.5,1.29099444874,-2.0,1.0,1.17042665996,2.14644110555,1.44320071576,yes,1.0
toad,nonvisual,4,Does it eat insects?,yes,1.0,2.0,,2.0,2.0,2.0,,2.0,2.0,-2.0,,-2.0,-2.0,1.33286969708,-0.201896897416,-1.2900866821,,
toad,visual,1,Is it green?,yes,7.0,0.857142857143,0.690065559342,0.0,2.0,1.14285714286,0.377964473009,1.0,2.0,-1.42857142857,0.534522483825,-2.0,-1.0,0.590272955936,-1.20832747012,-0.248834340058,yes,1.0
toad,visual,2,Does it have warts?,yes,7.0,1.0,1.0,0.0,2.0,2.14285714286,1.34518541827,1.0,4.0,-1.14285714286,0.690065559342,-2.0,0.0,0.68309754858,-0.034158468633,0.271791830964,yes,1.0
toad,visual,3,Is it small?,yes,2.0,1.0,1.41421356237,0.0,2.0,2.0,1.41421356237,1.0,3.0,-1.0,1.41421356237,-2.0,0.0,0.68309754858,-0.201896897416,0.532104916475,,
toad,visual,4,Does it have a long tongue?,yes,5.0,0.4,0.547722557505,0.0,1.0,1.6,0.894427191,1.0,3.0,-0.6,1.1401754251,-2.0,1.0,0.293234259477,-0.671564498009,1.26098155591,yes,1.0
toad,nonvisual,1,Does it bark?,no,5.0,-1.6,0.547722557505,-2.0,-1.0,2.0,1.0,1.0,3.0,-1.4,0.894427191,-2.0,0.0,-1.00631003753,-0.201896897416,-0.196771722956,no,1.0
toad,nonvisual,2,Does it run fast?,no,6.0,-1.33333333333,1.03279555899,-2.0,0.0,3.66666666667,1.03279555899,2.0,5.0,-0.333333333333,1.03279555899,-2.0,1.0,-0.833037464597,1.75505143839,1.74689931553,no,1.0
toad,nonvisual,3,Is it furry?,no,6.0,-2.0,0.0,-2.0,-2.0,2.16666666667,1.60208197876,1.0,5.0,-1.66666666667,0.516397779494,-2.0,-1.0,-1.26621889693,-0.00620206383578,-0.682689482577,no,1.0
toad,nonvisual,4,Does it taste good?,no,5.0,-1.2,0.4472135955,-2.0,-1.0,1.2,0.4472135955,1.0,2.0,-1.2,0.836660026534,-2.0,0.0,-0.74640117813,-1.1412320986,0.16766659676,no,1.0
toad,visual,1,Does it have handle bars?,no,4.0,-2.0,0.0,-2.0,-2.0,2.5,1.73205080757,1.0,4.0,-1.75,0.5,-2.0,-1.0,-1.26621889693,0.385187603325,-0.834538782458,no,1.0
toad,visual,2,Does it have a peel?,no,8.0,-2.0,0.0,-2.0,-2.0,1.5,0.755928946018,1.0,3.0,-1.375,0.744023809143,-2.0,0.0,-1.26621889693,-0.788981398158,-0.151216932991,no,1.0
toad,visual,3,Does it have a tail?,no,3.0,-1.33333333333,1.15470053838,-2.0,0.0,2.66666666667,1.52752523165,1.0,4.0,-1.0,1.0,-2.0,0.0,-0.833037464597,0.580882436906,0.532104916475,no,1.0
toad,visual,4,Does it have whiskers?,no,7.0,-2.0,0.0,-2.0,-2.0,1.42857142857,0.786795792469,1.0,3.0,-1.71428571429,0.487950036474,-2.0,-1.0,-1.26621889693,-0.872850612549,-0.76946051108,no,1.0
train,nonvisual,1,Is it used for freight?,yes,8.0,1.125,0.834522960396,0.0,2.0,2.375,1.50594061731,1.0,4.0,-1.625,1.06066017178,-2.0,1.0,0.764319067143,0.23841647814,-0.606764832636,yes,1.0
train,nonvisual,2,Is it used for transportation?,yes,0.0,,,,,,,,,,,,,,,,,
train,nonvisual,3,Does it require a conductor?,yes,10.0,0.3,1.41813649241,-2.0,2.0,3.1,1.44913767462,1.0,5.0,-1.1,0.737864787373,-2.0,0.0,0.228257044627,1.08968900421,0.349885756617,,
train,nonvisual,4,Is it loud?,yes,5.0,1.4,0.547722557505,1.0,2.0,1.0,0.0,1.0,1.0,-1.0,0.707106781187,-2.0,0.0,0.943006407982,-1.3760658989,0.532104916475,yes,1.0
train,visual,1,Does it have a caboose?,yes,3.0,0.0,1.0,-1.0,1.0,1.33333333333,0.57735026919,1.0,2.0,-1.33333333333,1.15470053838,-2.0,0.0,0.0333254000753,-0.984676231738,-0.0752922830507,,
train,visual,2,Does it have an engine?,yes,5.0,1.2,0.4472135955,1.0,2.0,4.2,0.836660026534,3.0,5.0,0.0,0.707106781187,-1.0,1.0,0.813051978281,2.38127490585,2.35429651505,yes,1.0
train,visual,3,Does it have many cars?,yes,6.0,0.833333333333,0.752772652709,0.0,2.0,1.83333333333,1.32916013583,1.0,4.0,-1.33333333333,0.516397779494,-2.0,-1.0,0.574802190496,-0.397591730997,-0.0752922830507,yes,1.0
train,visual,4,Is it made of metal?,yes,3.0,1.66666666667,0.57735026919,1.0,2.0,2.33333333333,2.30940107676,1.0,5.0,-1.66666666667,0.57735026919,-2.0,-1.0,1.11627898092,0.189492769745,-0.682689482577,yes,1.0
train,nonvisual,1,Is it a fruit?,no,5.0,-2.0,0.0,-2.0,-2.0,2.2,1.788854382,1.0,5.0,-1.6,0.894427191,-2.0,0.0,-1.26621889693,0.0329369028803,-0.561210042672,no,1.0
train,nonvisual,2,Does it grow in tropical climates?,no,4.0,-1.0,1.15470053838,-2.0,0.0,3.25,1.70782512766,1.0,5.0,-1.25,0.957427107756,-2.0,0.0,-0.616446748429,1.26581435444,0.0765570168307,no,1.0
train,nonvisual,3,Does it live in the Arctic?,no,3.0,-1.33333333333,0.57735026919,-2.0,-1.0,3.0,2.0,1.0,5.0,-1.0,0.0,-1.0,-1.0,-0.833037464597,0.972272104066,0.532104916475,no,1.0
train,nonvisual,4,Does it produce offspring?,no,6.0,-2.0,0.0,-2.0,-2.0,3.0,1.788854382,1.0,5.0,-1.83333333333,0.408248290464,-2.0,-1.0,-1.26621889693,0.972272104066,-0.98638808234,no,1.0
train,visual,1,Is it green?,no,6.0,-0.666666666667,0.816496580928,-2.0,0.0,1.66666666667,1.03279555899,1.0,3.0,-0.666666666667,1.03279555899,-2.0,1.0,-0.399856032261,-0.593286564577,1.139502116,no,1.0
train,visual,2,Does it have a zipper?,no,12.0,-1.58333333333,0.668557923422,-2.0,0.0,2.33333333333,1.49747261826,1.0,5.0,-1.0,1.04446593573,-2.0,1.0,-0.995480501724,0.189492769745,0.532104916475,no,1.0
train,visual,3,Does it have a beak?,no,4.0,-1.75,0.5,-2.0,-1.0,2.25,1.8929694486,1.0,5.0,-1.75,0.5,-2.0,-1.0,-1.10377585981,0.0916453529544,-0.834538782458,no,1.0
train,visual,4,Does it have long legs?,no,2.0,-2.0,0.0,-2.0,-2.0,3.0,2.82842712475,1.0,5.0,-2.0,0.0,-2.0,-2.0,-1.26621889693,0.972272104066,-1.2900866821,no,1.0
zebra,nonvisual,1,Is it an animal?,yes,3.0,2.0,0.0,2.0,2.0,3.33333333333,0.57735026919,3.0,4.0,-1.33333333333,0.57735026919,-2.0,-1.0,1.33286969708,1.36366177123,-0.0752922830507,yes,1.0
zebra,nonvisual,2,Does it run fast?,yes,6.0,1.0,0.0,1.0,1.0,2.0,1.09544511501,1.0,4.0,-0.666666666667,0.516397779494,-1.0,0.0,0.68309754858,-0.201896897416,1.139502116,yes,1.0
zebra,nonvisual,3,Does it live in Africa?,yes,9.0,1.44444444444,0.527046276695,1.0,2.0,2.88888888889,0.927960727138,2.0,4.0,-1.33333333333,0.5,-2.0,-1.0,0.971885170137,0.841808881679,-0.0752922830507,yes,1.0
zebra,nonvisual,4,Does it travel in herds?,yes,4.0,1.0,1.15470053838,0.0,2.0,2.5,1.91485421551,1.0,5.0,-0.75,1.25830573921,-2.0,1.0,0.68309754858,0.385187603325,0.98765281612,yes,1.0
zebra,visual,1,Does it have stripes?,yes,5.0,1.4,0.547722557505,1.0,2.0,2.2,1.788854382,1.0,5.0,-1.4,0.547722557505,-2.0,-1.0,0.943006407982,0.0329369028803,-0.196771722956,yes,1.0
zebra,visual,2,Does it have four legs?,yes,5.0,1.8,0.4472135955,1.0,2.0,1.8,1.788854382,1.0,5.0,-1.8,0.4472135955,-2.0,-1.0,1.20291526738,-0.436730697713,-0.925648362387,yes,1.0
zebra,visual,3,Does it have hooves?,yes,5.0,1.8,0.4472135955,1.0,2.0,1.8,1.09544511501,1.0,3.0,-1.6,0.547722557505,-2.0,-1.0,1.20291526738,-0.436730697713,-0.561210042672,yes,1.0
zebra,visual,4,Does it have a mane?,yes,4.0,1.25,1.5,-1.0,2.0,2.75,1.70782512766,1.0,5.0,-0.5,1.0,-1.0,1.0,0.845540585706,0.678729853696,1.44320071576,yes,1.0
zebra,nonvisual,1,Does it eat garbage?,no,6.0,-1.5,0.547722557505,-2.0,-1.0,3.66666666667,0.516397779494,3.0,4.0,-0.666666666667,1.03279555899,-2.0,1.0,-0.941332822682,1.75505143839,1.139502116,no,1.0
zebra,nonvisual,2,Is it used for eating on?,no,2.0,-2.0,0.0,-2.0,-2.0,1.5,0.707106781187,1.0,2.0,-1.5,0.707106781187,-2.0,-1.0,-1.26621889693,-0.788981398158,-0.378990882814,no,1.0
zebra,nonvisual,3,Is it eaten by rabbits?,no,8.0,-1.625,0.744023809143,-2.0,0.0,2.25,1.38873014966,1.0,4.0,-1.125,0.834522960396,-2.0,0.0,-1.02255434124,0.0916453529544,0.304330966653,no,1.0
zebra,nonvisual,4,Does it live in water?,no,6.0,-1.83333333333,0.408248290464,-2.0,-1.0,1.83333333333,1.16904519445,1.0,4.0,-1.33333333333,1.21106014164,-2.0,1.0,-1.15792353885,-0.397591730997,-0.0752922830507,no,1.0
zebra,nonvisual,5,Does it live in jungles?,no,3.0,-1.33333333333,1.15470053838,-2.0,0.0,3.33333333333,0.57735026919,3.0,4.0,-0.666666666667,0.57735026919,-1.0,0.0,-0.833037464597,1.36366177123,1.139502116,no,1.0
zebra,visual,1,Is it red?,no,5.0,-2.0,0.0,-2.0,-2.0,1.8,1.788854382,1.0,5.0,-2.0,0.0,-2.0,-2.0,-1.26621889693,-0.436730697713,-1.2900866821,no,1.0
zebra,visual,2,Does it have antennae?,no,6.0,-1.66666666667,0.816496580928,-2.0,0.0,1.33333333333,0.816496580928,1.0,3.0,-1.5,0.547722557505,-2.0,-1.0,-1.04962818077,-0.984676231738,-0.378990882814,no,1.0
zebra,visual,3,Does it have jaws?,no,4.0,1.0,2.0,-2.0,2.0,2.25,0.957427107756,1.0,3.0,-1.5,0.57735026919,-2.0,-1.0,0.68309754858,0.0916453529544,-0.378990882814,,
